-- MySQL dump 10.13  Distrib 8.1.0, for Win64 (x86_64)
--
-- Host: localhost    Database: ELEC0138
-- ------------------------------------------------------
-- Server version	8.1.0

/*!40101 SET @OLD_CHARACTER_SET_CLIENT=@@CHARACTER_SET_CLIENT */;
/*!40101 SET @OLD_CHARACTER_SET_RESULTS=@@CHARACTER_SET_RESULTS */;
/*!40101 SET @OLD_COLLATION_CONNECTION=@@COLLATION_CONNECTION */;
/*!50503 SET NAMES utf8mb4 */;
/*!40103 SET @OLD_TIME_ZONE=@@TIME_ZONE */;
/*!40103 SET TIME_ZONE='+00:00' */;
/*!40014 SET @OLD_UNIQUE_CHECKS=@@UNIQUE_CHECKS, UNIQUE_CHECKS=0 */;
/*!40014 SET @OLD_FOREIGN_KEY_CHECKS=@@FOREIGN_KEY_CHECKS, FOREIGN_KEY_CHECKS=0 */;
/*!40101 SET @OLD_SQL_MODE=@@SQL_MODE, SQL_MODE='NO_AUTO_VALUE_ON_ZERO' */;
/*!40111 SET @OLD_SQL_NOTES=@@SQL_NOTES, SQL_NOTES=0 */;

--
-- Table structure for table `history`
--

DROP TABLE IF EXISTS `history`;
/*!40101 SET @saved_cs_client     = @@character_set_client */;
/*!50503 SET character_set_client = utf8mb4 */;
CREATE TABLE `history` (
  `h_id` int NOT NULL AUTO_INCREMENT,
  `u_id` int NOT NULL,
  `p_id` int NOT NULL,
  `start_time` datetime NOT NULL,
  `end_time` datetime DEFAULT NULL,
  `stay_period` int DEFAULT NULL,
  `number_plate` varchar(7) DEFAULT NULL,
  `total_cost` float DEFAULT NULL,
  PRIMARY KEY (`h_id`)
) ENGINE=InnoDB AUTO_INCREMENT=414 DEFAULT CHARSET=utf8mb4 COLLATE=utf8mb4_0900_ai_ci;
/*!40101 SET character_set_client = @saved_cs_client */;

--
-- Dumping data for table `history`
--

LOCK TABLES `history` WRITE;
/*!40000 ALTER TABLE `history` DISABLE KEYS */;
INSERT INTO `history` VALUES (1,1,1,'2024-02-20 10:44:00','2024-02-20 11:44:00',3600,'123456',NULL),(3,1,2,'2024-02-21 09:18:11','2024-02-21 11:12:12',6841,'113233',NULL),(4,1,2,'2024-03-21 09:18:11','2024-05-21 11:12:12',5277241,'123233',NULL),(5,1,2,'2024-03-21 09:18:11','2024-06-21 11:12:12',7955641,'123233',NULL),(6,1,2,'2024-02-21 09:18:11','2024-06-21 11:12:12',10461241,'123233',NULL),(7,1,2,'2024-02-21 09:18:11','2024-02-23 11:12:12',179641,'123233',NULL),(8,1,2,'2024-02-21 09:18:11','2024-02-24 11:12:12',266041,'123233',NULL),(9,1,2,'2024-02-21 09:18:11','2024-02-22 11:12:12',93241,'123233',NULL),(10,1,2,'2024-02-21 09:18:11','2024-02-22 11:12:12',93241,'123233',59.5706),(11,1,2,'2024-02-21 09:18:11','2024-02-22 11:12:12',93241,'123233',59.5706),(12,1,2,'2024-02-21 09:18:11','2024-02-22 11:12:12',93241,'123233',59.5706),(13,1,2,'2024-02-22 09:18:11','2024-02-24 11:12:12',179641,'123233',114.771),(14,1008,46048531,'2024-03-11 15:55:14','2024-03-11 23:29:15',27241,'TEF1NX5',29.0571),(15,1165,46043113,'2024-03-12 15:55:14','2024-03-13 01:01:19',32765,'EfwtW56',60.3422),(16,1141,46042823,'2024-03-12 15:55:14','2024-03-13 16:58:55',90221,'jKuDGTv',166.157),(17,1056,46127668,'2024-03-11 15:55:14','2024-03-12 12:31:24',74170,'ovnHM6X',79.1147),(18,1186,46048245,'2024-03-11 15:55:14','2024-03-12 05:56:51',50497,'iKuzaJ2',53.8635),(19,1278,46045115,'2024-03-11 15:55:14','2024-03-12 10:12:26',65832,'jJUQzdg',70.2208),(20,1291,46131373,'2024-03-11 15:55:14','2024-03-12 14:22:44',80850,'OYjHbeM',148.899),(21,1215,46133075,'2024-03-11 15:55:14','2024-03-12 11:19:07',69833,'hQ8K7WP',74.4885),(22,1216,46048159,'2024-03-12 15:55:14','2024-03-12 19:57:19',14525,'6cYxoj9',19.4877),(23,1330,46132782,'2024-03-12 15:55:14','2024-03-13 02:33:09',38275,'Gw0mL7x',40.8267),(24,1355,46047865,'2024-03-11 15:55:14','2024-03-12 09:07:59',61965,'n4fORmB',83.1364),(25,1019,46133300,'2024-03-12 15:55:14','2024-03-13 19:39:45',99871,'T2CUovy',183.929),(26,1375,46048198,'2024-03-11 15:55:14','2024-03-12 00:50:07',32093,'8P5Qvlz',43.0581),(27,1145,46132924,'2024-03-12 15:55:14','2024-03-13 00:37:24',31330,'aKF8hDE',33.4187),(28,1399,46047755,'2024-03-12 15:55:14','2024-03-12 23:20:10',26696,'nBxuow1',35.8171),(29,1255,46036316,'2024-03-12 15:55:14','2024-03-13 08:01:17',57963,'kGiB4nz',106.749),(30,1105,46049619,'2024-03-12 15:55:14','2024-03-12 21:58:37',21803,'JWOQX0N',29.2524),(31,1144,46048032,'2024-03-12 15:55:14','2024-03-13 19:11:18',98164,'a23ptPM',131.703),(32,1286,46134730,'2024-03-11 15:55:14','2024-03-12 14:04:55',79781,'cwrQOLj',107.04),(33,1222,46132164,'2024-03-11 15:55:14','2024-03-12 01:10:10',33296,'jAkUdyX',35.5157),(34,1268,46132264,'2024-03-12 15:55:14','2024-03-13 12:35:55',74441,'SOyA1hc',79.4037),(35,1251,46133496,'2024-03-11 15:55:14','2024-03-12 18:08:03',94369,'9E3apjf',100.66),(36,1365,46048890,'2024-03-11 15:55:14','2024-03-12 02:55:36',39622,'W3QdVZn',53.1595),(37,1319,46045380,'2024-03-11 15:55:14','2024-03-12 07:37:14',56520,'HOs6xdT',60.288),(38,1231,46132182,'2024-03-12 15:55:14','2024-03-12 22:03:12',22078,'Cjli3E5',29.6213),(39,1101,46131592,'2024-03-11 15:55:14','2024-03-12 01:37:43',34949,'KojF9q6',46.8899),(40,1017,46048488,'2024-03-12 15:55:14','2024-03-13 03:21:45',41191,'wZuJxvf',43.9371),(41,1241,46034960,'2024-03-11 15:55:14','2024-03-12 12:15:52',73238,'0wC2fbn',98.261),(42,1182,46044271,'2024-03-11 15:55:14','2024-03-12 02:51:02',39348,'xPaS3Qg',26.0134),(43,1174,46048709,'2024-03-12 15:55:14','2024-03-12 23:52:33',28639,'qfkIRXp',38.424),(44,1351,46048848,'2024-03-12 15:55:14','2024-03-13 18:18:47',95013,'S1T4MqC',127.476),(45,1332,46044886,'2024-03-11 15:55:14','2024-03-12 11:39:22',71048,'o5AaMRb',75.7845),(46,1210,46048199,'2024-03-11 15:55:14','2024-03-12 06:41:29',53175,'eWIOQ7o',71.3431),(47,1296,46048488,'2024-03-11 15:55:14','2024-03-11 21:02:48',18454,'uSdUHlM',19.6843),(48,1202,46044011,'2024-03-12 15:55:14','2024-03-13 12:11:22',72968,'pqy5xef',48.24),(49,1061,46131131,'2024-03-11 15:55:14','2024-03-11 20:23:55',16121,'rMaiS4H',29.6895),(50,1025,46133132,'2024-03-11 15:55:14','2024-03-12 03:19:36',41062,'QI09wrs',55.0915),(51,1083,46045714,'2024-03-12 15:55:14','2024-03-12 21:17:19',19325,'wDqpQ1v',20.6133),(52,1334,46049070,'2024-03-12 15:55:14','2024-03-12 22:57:54',25360,'A4WM7HL',34.0247),(53,1253,46047755,'2024-03-12 15:55:14','2024-03-13 18:13:32',94698,'W0V2u4n',127.053),(54,1192,46048842,'2024-03-11 15:55:14','2024-03-12 03:45:20',42606,'8gbeDdE',57.1631),(55,1022,46044018,'2024-03-11 15:55:14','2024-03-12 01:54:14',35940,'Ot437Nh',23.7603),(56,1260,46132894,'2024-03-11 15:55:14','2024-03-12 05:22:17',48423,'5egViFA',64.9675),(57,1140,46048062,'2024-03-12 15:55:14','2024-03-13 11:04:29',68955,'r0NjhUz',92.5146),(58,1206,46045498,'2024-03-12 15:55:14','2024-03-13 02:56:45',39691,'Uax2AXJ',42.3371),(59,1362,46048126,'2024-03-12 15:55:14','2024-03-13 08:42:18',60424,'DYNsRLq',81.0689),(60,1059,46133262,'2024-03-11 15:55:14','2024-03-12 14:05:53',79839,'ABugjzT',85.1616),(61,1158,46131586,'2024-03-11 15:55:14','2024-03-12 12:35:34',74420,'gyJ4ioj',99.8468),(62,1338,46047165,'2024-03-11 15:55:14','2024-03-12 07:46:28',57074,'rwL8qO3',60.8789),(63,1030,46044499,'2024-03-11 15:55:14','2024-03-12 18:09:49',94475,'7gIQu4b',100.773),(64,1057,46035651,'2024-03-11 15:55:14','2024-03-12 09:27:36',63142,'OLpgx9H',67.3515),(65,1239,46048149,'2024-03-12 15:55:14','2024-03-13 04:09:27',44053,'jsxCdfY',59.1044),(66,1236,46131589,'2024-03-11 15:55:14','2024-03-12 17:30:44',92130,'HkLo2D8',123.608),(67,1282,46045177,'2024-03-12 15:55:14','2024-03-13 14:07:57',79963,'UQ9lWL4',85.2939),(68,1111,46047354,'2024-03-11 15:55:14','2024-03-12 01:27:43',34349,'j1G73wY',36.6389),(69,1173,46035645,'2024-03-11 15:55:14','2024-03-12 14:43:10',82076,'u1qZwMj',87.5477),(70,1300,46046708,'2024-03-12 15:55:14','2024-03-12 21:34:21',20347,'P2TBumb',21.7035),(71,1128,46133900,'2024-03-12 15:55:14','2024-03-13 03:18:06',40972,'1NJcgXC',54.9708),(72,1185,46048135,'2024-03-11 15:55:14','2024-03-11 21:41:09',20755,'ZM4ocQe',27.8463),(73,1067,46131712,'2024-03-11 15:55:14','2024-03-11 22:35:08',23994,'mDYb9PT',25.5936),(74,1116,46042976,'2024-03-11 15:55:14','2024-03-12 15:53:15',86281,'GZWP1uB',158.901),(75,1259,46045176,'2024-03-12 15:55:14','2024-03-13 15:49:15',86041,'qZ7Uoyx',91.7771),(76,1351,46044646,'2024-03-11 15:55:14','2024-03-12 16:24:27',88153,'FAkozSj',58.2789),(77,1066,46048317,'2024-03-11 15:55:14','2024-03-12 14:00:26',79512,'pBFIx3n',106.679),(78,1034,46131624,'2024-03-11 15:55:14','2024-03-12 13:27:39',77545,'3NZLQ2r',104.04),(79,1276,46034983,'2024-03-12 15:55:14','2024-03-13 06:53:02',53868,'8fpDNwI',57.4592),(80,1153,46045088,'2024-03-12 15:55:14','2024-03-12 21:12:15',19021,'V9riYF4',20.2891),(81,1382,46044556,'2024-03-12 15:55:14','2024-03-13 16:11:36',87382,'8nPxUTF',57.7692),(82,1180,46134733,'2024-03-12 15:55:14','2024-03-13 08:26:35',59481,'eIdornO',79.8037),(83,1341,46044484,'2024-03-12 15:55:14','2024-03-12 19:48:10',13976,'fNn6ar2',9.23969),(84,1037,46044401,'2024-03-11 15:55:14','2024-03-12 15:44:33',85759,'9H6rncU',91.4763),(85,1067,46034988,'2024-03-11 15:55:14','2024-03-12 04:08:32',43998,'KG25yzU',59.0307),(86,1221,46048149,'2024-03-11 15:55:14','2024-03-12 08:29:46',59672,'67B1sYt',80.0599),(87,1094,46036148,'2024-03-11 15:55:14','2024-03-11 20:16:09',15655,'W4vMOj5',28.8313),(88,1016,46036229,'2024-03-12 15:55:14','2024-03-13 07:59:12',57838,'s3ICqkA',106.518),(89,1352,46049496,'2024-03-11 15:55:14','2024-03-12 05:01:53',47199,'9BIjopV',63.3253),(90,1276,46042828,'2024-03-12 15:55:14','2024-03-12 21:28:43',20009,'SOBKy1J',36.8499),(91,1165,46048097,'2024-03-11 15:55:14','2024-03-12 08:48:58',60824,'7BZR5qM',81.6055),(92,1079,46036318,'2024-03-11 15:55:14','2024-03-12 01:13:29',33495,'SGO3saJ',61.6866),(93,1160,46044639,'2024-03-11 15:55:14','2024-03-12 16:22:15',88021,'cSsky1C',93.8891),(94,1077,46044228,'2024-03-11 15:55:14','2024-03-12 07:22:19',55625,'X2TtOCA',36.7743),(95,1269,46048479,'2024-03-12 15:55:14','2024-03-13 12:04:08',72534,'ugm7woL',77.3696),(96,1118,46036211,'2024-03-11 15:55:14','2024-03-11 20:20:26',15912,'4BVoZwM',37.0838),(97,1372,46045609,'2024-03-11 15:55:14','2024-03-12 19:27:41',99147,'Z7UWs9V',105.757),(98,1186,46047160,'2024-03-11 15:55:14','2024-03-12 15:10:30',83716,'S6RlkrQ',89.2971),(99,1171,46042925,'2024-03-12 15:55:14','2024-03-13 07:25:45',55831,'5xfYdQO',102.822),(100,1191,46048249,'2024-03-11 15:55:14','2024-03-12 00:04:01',29327,'SFJ3bYG',31.2821),(101,1105,46129733,'2024-03-11 15:55:14','2024-03-12 02:58:03',39769,'Nxq0bAu',53.3567),(102,1224,46043662,'2024-03-12 15:55:14','2024-03-13 19:06:38',97884,'GQhHYoE',104.41),(103,1011,46131373,'2024-03-12 15:55:14','2024-03-13 19:27:25',99131,'FU540NE',182.566),(104,1022,46035647,'2024-03-11 15:55:14','2024-03-12 10:43:28',67694,'kt6vVyZ',72.2069),(105,1346,46047784,'2024-03-11 15:55:14','2024-03-12 11:28:41',70407,'H2agmQ0',94.4627),(106,1270,46047998,'2024-03-12 15:55:14','2024-03-13 13:04:48',76174,'78fgDQo',102.2),(107,1334,46043111,'2024-03-11 15:55:14','2024-03-12 19:05:40',97826,'69bHtSr',180.163),(108,1385,46132174,'2024-03-12 15:55:14','2024-03-13 10:01:49',65195,'hHk9rdx',87.47),(109,1149,46130434,'2024-03-11 15:55:14','2024-03-12 05:35:12',49198,'MxhGQ8U',66.0073),(110,1398,46133048,'2024-03-12 15:55:14','2024-03-13 12:48:55',75221,'tWRkQqP',49.7294),(111,1385,46133282,'2024-03-11 15:55:14','2024-03-12 03:13:19',40685,'7lYsXqM',43.3973),(112,1305,46134495,'2024-03-12 15:55:15','2024-03-12 23:26:30',27075,'7yg0Fza',36.3256),(113,1168,46128580,'2024-03-11 15:55:15','2024-03-12 07:29:18',56043,'not30qd',59.7792),(114,1101,46048062,'2024-03-12 15:55:15','2024-03-13 05:38:01',49366,'cf6xtZd',66.2327),(115,1313,46043110,'2024-03-12 15:55:15','2024-03-13 06:58:06',54171,'3O41zxG',99.7649),(116,1294,46035836,'2024-03-12 15:55:15','2024-03-12 19:28:36',12801,'xJPhNKv',23.5752),(117,1180,46049600,'2024-03-11 15:55:15','2024-03-12 10:07:54',65559,'OQLdKzm',87.9583),(118,1218,46043130,'2024-03-11 15:55:15','2024-03-12 07:23:31',55696,'Kgawu6I',102.573),(119,1385,46132436,'2024-03-11 15:55:15','2024-03-11 21:06:33',18678,'lhX8UA2',19.9232),(120,1074,46036054,'2024-03-11 15:55:15','2024-03-12 06:28:16',52381,'m02uQti',96.4683),(121,1167,46049565,'2024-03-12 15:55:15','2024-03-12 21:27:41',19946,'eaUiCRQ',26.7609),(122,1329,46049627,'2024-03-12 15:55:15','2024-03-13 11:03:21',68886,'5kPi2bu',92.4221),(123,1145,46043213,'2024-03-12 15:55:15','2024-03-13 10:54:36',68361,'rcM8nd7',125.898),(124,1155,46045056,'2024-03-12 15:55:15','2024-03-13 05:37:15',49320,'fucD5xa',52.608),(125,1078,46034957,'2024-03-12 15:55:15','2024-03-13 13:38:17',78182,'p5oVwDi',104.894),(126,1081,46048564,'2024-03-11 15:55:15','2024-03-12 18:11:04',94549,'iNlKbuy',100.852),(127,1190,46048143,'2024-03-12 15:55:15','2024-03-13 04:34:22',45547,'es2ciwf',61.1089),(128,1047,46042715,'2024-03-12 15:55:15','2024-03-13 00:48:54',32019,'PERFNsH',58.9683),(129,1218,46131512,'2024-03-11 15:55:15','2024-03-11 22:22:44',23249,'zAef2lH',42.8169),(130,1393,46133900,'2024-03-12 15:55:15','2024-03-13 00:17:10',30115,'bRcmXVn',40.4043),(131,1104,46047840,'2024-03-11 15:55:15','2024-03-11 21:47:12',21117,'KsoHZQ5',28.332),(132,1275,46035896,'2024-03-11 15:55:15','2024-03-12 09:47:59',64364,'lWwyrvn',118.537),(133,1276,46035163,'2024-03-12 15:55:15','2024-03-12 22:02:24',22029,'lSUGcyL',23.4976),(134,1033,46044241,'2024-03-11 15:55:15','2024-03-12 12:12:08',73013,'VqkoIJm',77.8805),(135,1218,46035574,'2024-03-11 15:55:15','2024-03-11 20:17:39',15744,'qys37LH',16.7936),(136,1200,46131802,'2024-03-11 15:55:15','2024-03-11 20:45:01',17386,'7scHNi8',32.0192),(137,1229,46127505,'2024-03-11 15:55:15','2024-03-12 16:43:18',89283,'OxRkMj3',95.2352),(138,1047,46047160,'2024-03-12 15:55:15','2024-03-13 06:25:52',52237,'qdzFwS5',55.7195),(139,1041,46049043,'2024-03-12 15:55:15','2024-03-13 00:04:47',29372,'3n7O65m',31.3301),(140,1189,46044857,'2024-03-11 15:55:15','2024-03-12 10:29:04',66829,'IpJYfjo',71.2843),(141,1381,46044435,'2024-03-11 15:55:15','2024-03-12 16:05:19',87004,'m6xW4wl',57.5193),(142,1258,46036172,'2024-03-12 15:55:15','2024-03-13 13:50:41',78926,'71PZ20M',145.355),(143,1038,46042566,'2024-03-12 15:55:15','2024-03-13 11:54:35',71960,'mCnuKrR',132.526),(144,1264,46043206,'2024-03-11 15:55:15','2024-03-12 04:05:47',43832,'Wq3sopP',80.7239),(145,1109,46042794,'2024-03-11 15:55:15','2024-03-12 15:56:03',86448,'nRNdGej',159.208),(146,1117,46043662,'2024-03-12 15:55:15','2024-03-12 20:14:51',15576,'m3rOhiL',16.6144),(147,1317,46133086,'2024-03-11 15:55:15','2024-03-12 12:16:38',73283,'7jH6eQo',78.1685),(148,1373,46133692,'2024-03-11 15:55:15','2024-03-12 12:30:35',74120,'ZU697M4',99.4443),(149,1029,46049525,'2024-03-11 15:55:15','2024-03-12 14:36:12',81657,'fCPz6MG',109.556),(150,1128,46044321,'2024-03-12 15:55:15','2024-03-13 03:05:41',40226,'igwxYbZ',26.5939),(151,1303,46128067,'2024-03-11 15:55:15','2024-03-12 19:15:27',98412,'wWzeboh',104.973),(152,1258,46130566,'2024-03-12 15:55:15','2024-03-13 03:20:46',41131,'7JduR2S',75.7496),(153,1011,46049054,'2024-03-12 15:55:15','2024-03-13 15:47:05',85910,'q95JMAf',91.6373),(154,1289,46035651,'2024-03-11 15:55:15','2024-03-12 05:46:13',49858,'7t6hKnI',53.1819),(155,1379,46044140,'2024-03-11 15:55:15','2024-03-12 18:53:39',97104,'OxSBKYv',64.1965),(156,1358,46035748,'2024-03-11 15:55:15','2024-03-11 18:45:50',10235,'RltkfoI',10.9173),(157,1340,46042983,'2024-03-11 15:55:15','2024-03-12 19:11:04',98149,'bBiXlsW',180.758),(158,1315,46044011,'2024-03-12 15:55:15','2024-03-12 19:20:53',12338,'lsdaUXE',8.15679),(159,1354,46043803,'2024-03-12 15:55:15','2024-03-12 21:26:44',19889,'Qc9lOxy',13.1488),(160,1311,46134310,'2024-03-12 15:55:15','2024-03-12 21:19:09',19434,'aLRTXDH',20.7296),(161,1253,46133248,'2024-03-11 15:55:15','2024-03-12 15:59:15',86640,'xUMRQWa',92.416),(162,1157,46132164,'2024-03-11 15:55:15','2024-03-12 00:44:27',31752,'7NeESck',33.8688),(163,1121,46044474,'2024-03-11 15:55:15','2024-03-11 22:18:01',22966,'C7Ohcje',15.1831),(164,1270,46046758,'2024-03-12 15:55:15','2024-03-13 18:39:49',96274,'Ljtw8oO',102.692),(165,1065,46048163,'2024-03-11 15:55:15','2024-03-12 01:43:30',35295,'b3CWHQT',47.3541),(166,1191,46045867,'2024-03-11 15:55:15','2024-03-12 11:20:17',69902,'4CRahLV',74.5621),(167,1294,46048056,'2024-03-11 15:55:15','2024-03-12 12:29:59',74084,'twuNCEp',99.396),(168,1262,46035167,'2024-03-11 15:55:15','2024-03-12 19:12:09',98214,'8VR4fyd',104.762),(169,1098,46042816,'2024-03-11 15:55:15','2024-03-12 06:11:51',51396,'I2M6nSY',94.6543),(170,1162,46045537,'2024-03-11 15:55:15','2024-03-12 14:32:34',81439,'3z5XloY',86.8683),(171,1157,46043210,'2024-03-11 15:55:15','2024-03-12 01:43:37',35302,'POIiD8G',65.0145),(172,1289,46134504,'2024-03-12 15:55:15','2024-03-13 10:18:26',66191,'uC3y1mz',88.8063),(173,1067,46036290,'2024-03-11 15:55:15','2024-03-12 08:43:30',60495,'4VK7tZm',111.412),(174,1234,46042742,'2024-03-12 15:55:15','2024-03-13 17:34:33',92358,'vJn1ScN',170.093),(175,1087,46128612,'2024-03-12 15:55:15','2024-03-12 18:51:49',10594,'zv9jMgB',14.2136),(176,1285,46042725,'2024-03-11 15:55:15','2024-03-12 03:06:42',40287,'kjqIiZE',74.1952),(177,1315,46042801,'2024-03-12 15:55:15','2024-03-12 23:58:37',29002,'ECDt9RV',53.412),(178,1065,46127053,'2024-03-11 15:55:15','2024-03-12 01:28:12',34377,'U4dxAgI',36.6688),(179,1183,46048135,'2024-03-12 15:55:15','2024-03-13 09:37:44',63749,'DGPbpZU',85.5299),(180,1146,46127551,'2024-03-11 15:55:15','2024-03-12 04:46:22',46267,'FRzrLne',49.3515),(181,1236,46042800,'2024-03-12 15:55:15','2024-03-13 08:11:52',58597,'PmZwv8S',107.916),(182,1125,46134804,'2024-03-12 15:55:15','2024-03-12 19:15:45',12030,'o6dPiAl',12.832),(183,1239,46131277,'2024-03-12 15:55:15','2024-03-12 18:46:14',10259,'PsjyW76',18.8937),(184,1020,46047674,'2024-03-11 15:55:15','2024-03-12 02:42:56',38861,'dhcx9fi',52.1385),(185,1387,46044014,'2024-03-11 15:55:15','2024-03-11 21:35:28',20413,'Z2HvzC3',13.4953),(186,1079,46045737,'2024-03-12 15:55:15','2024-03-13 05:29:21',48846,'oDRwPMO',52.1024),(187,1223,46043620,'2024-03-11 15:55:15','2024-03-12 12:24:31',73756,'s60EHOD',48.7609),(188,1201,46047167,'2024-03-12 15:55:15','2024-03-13 12:50:12',75297,'lZ8EITU',80.3168),(189,1169,46131588,'2024-03-11 15:55:15','2024-03-11 22:13:55',22720,'XCTgrbs',30.4827),(190,1343,46042813,'2024-03-11 15:55:15','2024-03-11 19:50:27',14112,'1bH9WKr',25.9896),(191,1363,46048064,'2024-03-12 15:55:15','2024-03-13 15:53:16',86281,'X6md9UL',115.76),(192,1018,46048564,'2024-03-12 15:55:15','2024-03-13 04:37:16',45721,'GRgsYKh',48.7691),(193,1054,46046145,'2024-03-11 15:55:15','2024-03-12 11:50:03',71688,'kysg5lP',76.4672),(194,1250,46044034,'2024-03-11 15:55:15','2024-03-12 04:09:56',44081,'yN9RoTX',29.1424),(195,1210,46042951,'2024-03-12 15:55:15','2024-03-12 19:30:08',12893,'CwVbpT3',23.7446),(196,1234,46043201,'2024-03-12 15:55:15','2024-03-13 04:06:14',43859,'ShUP0F1',80.7737),(197,1262,46045146,'2024-03-11 15:55:15','2024-03-11 21:58:20',21785,'mcLAnV0',23.2373),(198,1267,46043286,'2024-03-12 15:55:15','2024-03-13 07:08:21',54786,'3bdkzZq',100.898),(199,1141,46044228,'2024-03-11 15:55:15','2024-03-12 06:49:52',53677,'E0SeNqY',35.4865),(200,1212,46048655,'2024-03-11 15:55:15','2024-03-12 08:13:37',58702,'QNjoaur',62.6155),(201,1008,46043620,'2024-03-12 15:55:15','2024-03-12 20:48:09',17574,'j5YX1CD',11.6184),(202,1129,46044772,'2024-03-12 15:55:15','2024-03-13 08:33:34',59899,'IzWiXZh',63.8923),(203,1048,46048844,'2024-03-12 15:55:15','2024-03-13 00:18:32',30197,'gtSTxLV',40.5143),(204,1105,46129563,'2024-03-12 15:55:15','2024-03-13 08:18:46',59011,'ZEvj9iS',39.0128),(205,1296,46048276,'2024-03-12 15:55:15','2024-03-13 10:16:48',66093,'clAkS7I',88.6748),(206,1130,46044501,'2024-03-11 15:55:15','2024-03-12 13:01:47',75992,'2C8RuYh',81.0581),(207,1030,46043080,'2024-03-12 15:55:15','2024-03-13 14:14:44',80369,'f65FrRU',148.013),(208,1288,46043022,'2024-03-12 15:55:15','2024-03-13 18:16:33',94878,'WclQXeF',174.734),(209,1173,46044492,'2024-03-12 15:55:16','2024-03-13 15:07:00',83504,'XikqlQv',55.2054),(210,1262,46049437,'2024-03-12 15:55:16','2024-03-13 15:47:25',85929,'7JL6QZe',115.288),(211,1286,46048564,'2024-03-11 15:55:16','2024-03-12 15:42:30',85634,'Mvu0JA1',91.3429),(212,1077,46035399,'2024-03-12 15:55:16','2024-03-13 10:54:37',68361,'1LnewVq',72.9184),(213,1025,46042801,'2024-03-12 15:55:16','2024-03-13 10:28:06',66770,'67VuSZo',122.968),(214,1309,46049618,'2024-03-12 15:55:16','2024-03-12 23:24:18',26942,'k7OLlMR',36.1472),(215,1070,46049315,'2024-03-11 15:55:16','2024-03-12 18:37:11',96115,'WOt2M9m',102.523),(216,1167,46128636,'2024-03-12 15:55:16','2024-03-13 16:20:50',87934,'yvRFWGU',93.7963),(217,1364,46042742,'2024-03-11 15:55:16','2024-03-12 15:11:41',83785,'IRzVTyi',154.304),(218,1068,46049501,'2024-03-11 15:55:16','2024-03-12 19:27:48',99152,'OFNEbka',133.029),(219,1115,46132454,'2024-03-11 15:55:16','2024-03-12 11:57:16',72120,'2NrGduD',76.928),(220,1233,46043390,'2024-03-12 15:55:16','2024-03-13 06:19:46',51870,'TGlYcnh',34.2918),(221,1367,46044011,'2024-03-12 15:55:16','2024-03-13 16:36:33',88877,'bdjnvW9',58.7576),(222,1331,46047976,'2024-03-12 15:55:16','2024-03-13 04:20:15',44699,'jUZlce6',59.9712),(223,1134,46035648,'2024-03-11 15:55:16','2024-03-12 01:19:36',33860,'omu5bTs',36.1173),(224,1280,46049043,'2024-03-11 15:55:16','2024-03-12 10:28:05',66769,'lJmwGxI',71.2203),(225,1333,46045380,'2024-03-12 15:55:16','2024-03-12 21:46:32',21076,'F4Aa7nj',22.4811),(226,1375,46045488,'2024-03-12 15:55:16','2024-03-13 15:28:37',84801,'QdIWxtC',90.4544),(227,1402,46131507,'2024-03-11 15:55:16','2024-03-12 00:00:47',29131,'oBPM8bO',53.6496),(228,1188,46044228,'2024-03-11 15:55:16','2024-03-12 18:04:51',94175,'yx7HnF5',62.2601),(229,1395,46048094,'2024-03-11 15:55:16','2024-03-12 11:02:38',68842,'jveumb4',92.363),(230,1173,46048198,'2024-03-11 15:55:16','2024-03-12 08:42:40',60444,'NBmTEk1',81.0957),(231,1347,46045067,'2024-03-11 15:55:16','2024-03-12 04:41:05',45949,'6TDX012',49.0123),(232,1211,46046937,'2024-03-11 15:55:16','2024-03-12 19:34:54',99578,'1FthVpP',106.217),(233,1295,46044099,'2024-03-11 15:55:16','2024-03-12 06:04:46',50970,'MAOG5jV',33.6968),(234,1019,46045118,'2024-03-12 15:55:16','2024-03-13 14:08:20',79984,'Mnmg2PL',85.3163),(235,1230,46042955,'2024-03-12 15:55:16','2024-03-13 03:38:17',42181,'pyIVaJW',77.6833),(236,1163,46126753,'2024-03-12 15:55:16','2024-03-13 04:35:42',45626,'9BN2YcI',48.6677),(237,1190,46045079,'2024-03-11 15:55:16','2024-03-12 11:58:35',72199,'dIpgGEx',77.0123),(238,1383,46126603,'2024-03-11 15:55:16','2024-03-12 03:14:52',40776,'x3ByLf5',54.7078),(239,1334,46045537,'2024-03-12 15:55:16','2024-03-13 03:17:24',40928,'g2Jptk1',43.6565),(240,1131,46044244,'2024-03-11 15:55:16','2024-03-11 20:44:01',17325,'4Afgku8',18.48),(241,1378,46043113,'2024-03-12 15:55:16','2024-03-12 21:53:10',21474,'2fW0T7i',39.548),(242,1103,46045403,'2024-03-11 15:55:16','2024-03-12 18:28:56',95620,'jOF7dv4',101.995),(243,1090,46049016,'2024-03-12 15:55:16','2024-03-13 00:27:25',30729,'DHxUyWs',41.2281),(244,1075,46128820,'2024-03-12 15:55:16','2024-03-12 21:42:30',20834,'xdBJs1D',22.2229),(245,1222,46044034,'2024-03-12 15:55:16','2024-03-13 10:24:52',66576,'iR3mDgG',44.0141),(246,1310,46048223,'2024-03-11 15:55:16','2024-03-12 07:36:13',56457,'jvebDA5',75.7465),(247,1357,46127559,'2024-03-11 15:55:16','2024-03-11 22:41:23',24367,'hPbtCoW',25.9915),(248,1354,46048056,'2024-03-11 15:55:16','2024-03-12 15:13:39',83903,'rwN2s05',112.57),(249,1242,46048893,'2024-03-11 15:55:16','2024-03-12 12:49:38',75262,'CT3crzv',100.977),(250,1234,46126636,'2024-03-11 15:55:16','2024-03-12 00:10:33',29717,'NvT9Zox',31.6981),(251,1246,46129408,'2024-03-11 15:55:16','2024-03-11 21:39:00',20624,'h0mk57t',37.9825),(252,1359,46045367,'2024-03-12 15:55:16','2024-03-13 05:20:10',48294,'BMVgU8A',51.5136),(253,1236,46042822,'2024-03-12 15:55:16','2024-03-13 07:25:43',55827,'PxcFdCh',102.815),(254,1025,46035587,'2024-03-11 15:55:16','2024-03-12 04:09:38',44062,'JeTYnjs',46.9995),(255,1187,46035866,'2024-03-12 15:55:16','2024-03-13 18:32:38',95842,'iY3ewRE',176.509),(256,1190,46043620,'2024-03-11 15:55:16','2024-03-12 15:44:59',85783,'bMQdJka',56.7121),(257,1071,46126755,'2024-03-11 15:55:16','2024-03-12 03:10:16',40500,'FW5hRUv',43.2),(258,1145,46042515,'2024-03-11 15:55:16','2024-03-12 02:54:08',39532,'6NPeVS8',72.8048),(259,1232,46134495,'2024-03-11 15:55:16','2024-03-11 20:04:30',14954,'rs3uFtK',20.0633),(260,1305,46045772,'2024-03-12 15:55:16','2024-03-13 07:51:57',57401,'DTigaz3',61.2277),(261,1022,46042565,'2024-03-12 15:55:16','2024-03-13 12:23:50',73714,'m5znstN',135.757),(262,1096,46035399,'2024-03-12 15:55:16','2024-03-13 06:42:31',53235,'2m0TdUz',56.784),(263,1369,46035781,'2024-03-11 15:55:16','2024-03-11 21:24:59',19783,'WoFNcXv',36.4337),(264,1277,46132436,'2024-03-12 15:55:16','2024-03-13 04:46:14',46258,'n4oziUP',49.3419),(265,1241,46131698,'2024-03-12 15:55:16','2024-03-13 16:08:16',87180,'saNPzjD',160.557),(266,1307,46048210,'2024-03-12 15:55:16','2024-03-13 16:34:26',88750,'RWJrhue',119.073),(267,1111,46133410,'2024-03-12 15:55:16','2024-03-12 21:40:17',20701,'aEkTuWZ',27.7738),(268,1042,46133260,'2024-03-12 15:55:16','2024-03-12 23:08:40',26004,'IuF4H05',47.8907),(269,1146,46035823,'2024-03-11 15:55:16','2024-03-12 04:16:35',44479,'IKjGeTl',81.9155),(270,1294,46036130,'2024-03-12 15:55:16','2024-03-13 11:38:31',70995,'JdqPEFe',130.749),(271,1282,46043222,'2024-03-12 15:55:16','2024-03-13 03:57:06',43310,'4FmxSW6',79.7626),(272,1191,46042805,'2024-03-12 15:55:16','2024-03-13 12:05:55',72639,'FHS7bkc',133.777),(273,1098,46043325,'2024-03-11 15:55:16','2024-03-12 07:33:40',56304,'qBjhVa8',103.693),(274,1357,46049627,'2024-03-11 15:55:16','2024-03-12 17:52:46',93450,'xBgV8lX',125.379),(275,1300,46043509,'2024-03-11 15:55:16','2024-03-12 15:53:20',86284,'d19QXob',92.0363),(276,1016,46131296,'2024-03-11 15:55:16','2024-03-11 22:40:28',24312,'Th8mEaz',44.7746),(277,1374,46047540,'2024-03-12 15:55:16','2024-03-13 00:05:00',29384,'ZwjtFSC',39.4235),(278,1109,46043813,'2024-03-11 15:55:16','2024-03-12 10:49:55',68079,'Jj4xNKa',45.0078),(279,1029,46049537,'2024-03-12 15:55:16','2024-03-13 06:37:59',52963,'djFpqJ5',71.0587),(280,1308,46045609,'2024-03-12 15:55:16','2024-03-13 15:15:16',84000,'y7HgV20',89.6),(281,1263,46049575,'2024-03-11 15:55:16','2024-03-12 02:19:18',37442,'9AgJrsM',50.2347),(282,1166,46035791,'2024-03-12 15:55:16','2024-03-13 11:18:25',69789,'X24ujLT',128.528),(283,1020,46042812,'2024-03-12 15:55:16','2024-03-13 09:28:50',63214,'PAInOD8',116.419),(284,1213,46042991,'2024-03-12 15:55:16','2024-03-13 13:30:16',77700,'Y4R6Ljd',143.098),(285,1172,46043103,'2024-03-12 15:55:16','2024-03-13 16:07:08',87112,'7wNonXi',160.431),(286,1274,46048126,'2024-03-11 15:55:16','2024-03-12 12:31:42',74186,'qpmVBJC',99.5329),(287,1090,46049551,'2024-03-12 15:55:16','2024-03-13 15:44:49',85773,'Goe6l8W',115.079),(288,1388,46131600,'2024-03-11 15:55:16','2024-03-12 12:46:22',75066,'Sg5daQW',100.714),(289,1361,46044474,'2024-03-11 15:55:16','2024-03-12 15:03:40',83304,'x5bGgio',55.0732),(290,1238,46042686,'2024-03-12 15:55:16','2024-03-13 02:33:01',38265,'JRI8ToL',70.4714),(291,1115,46128101,'2024-03-11 15:55:16','2024-03-12 16:22:11',88015,'SBYu8Q1',118.087),(292,1218,46127180,'2024-03-12 15:55:16','2024-03-13 09:11:39',62183,'v1GjpMr',66.3285),(293,1196,46043054,'2024-03-12 15:55:16','2024-03-13 03:16:19',40863,'H6OeuBr',75.256),(294,1145,46131722,'2024-03-12 15:55:16','2024-03-13 14:50:26',82510,'mHk0E9v',88.0107),(295,1258,46047773,'2024-03-11 15:55:16','2024-03-11 20:53:33',17897,'fl92Y0C',24.0118),(296,1113,46042317,'2024-03-12 15:55:16','2024-03-13 15:58:53',86617,'iXR10gO',116.211),(297,1151,46048576,'2024-03-11 15:55:16','2024-03-12 16:56:29',90073,'OhI8jrT',96.0779),(298,1306,46035649,'2024-03-12 15:55:16','2024-03-13 05:02:16',47220,'ROvLo8y',50.368),(299,1150,46043206,'2024-03-12 15:55:16','2024-03-13 19:17:56',98560,'NhDFWCa',181.515),(300,1026,46043693,'2024-03-11 15:55:16','2024-03-12 18:20:02',95086,'cL5b9vR',101.425),(301,1288,46045172,'2024-03-11 15:55:16','2024-03-12 16:04:53',86977,'XdmBFrJ',92.7755),(302,1121,46036121,'2024-03-12 15:55:16','2024-03-13 11:17:09',69713,'FI2Eb4s',128.388),(303,1090,46043854,'2024-03-12 15:55:16','2024-03-13 04:50:29',46513,'TRY0MNw',30.7503),(304,1381,46045440,'2024-03-11 15:55:16','2024-03-12 03:45:51',42635,'YwWtEK8',45.4773),(305,1233,46035781,'2024-03-11 15:55:16','2024-03-12 15:04:40',83364,'6iDTQ2l',153.529),(306,1400,46049575,'2024-03-12 15:55:16','2024-03-12 19:23:34',12498,'j8W2Qvi',16.7682),(307,1285,46044656,'2024-03-11 15:55:16','2024-03-12 11:01:32',68776,'rtL3Eso',73.3611),(308,1154,46133048,'2024-03-12 15:55:16','2024-03-13 17:05:50',90634,'9PH2NEG',59.9191),(309,1191,46046383,'2024-03-12 15:55:16','2024-03-12 18:45:15',10199,'Gmr891X',10.8789),(310,1226,46131507,'2024-03-12 15:55:16','2024-03-12 18:54:58',10782,'MXqTriG',19.8568),(311,1299,46130560,'2024-03-12 15:55:16','2024-03-12 21:14:00',19124,'dSPsji8',35.22),(312,1317,46035399,'2024-03-12 15:55:16','2024-03-13 04:32:50',45454,'80RIvSf',48.4843),(313,1295,46134495,'2024-03-12 15:55:16','2024-03-13 14:19:39',80663,'yjLBuW9',108.223),(314,1179,46035238,'2024-03-11 15:55:16','2024-03-12 08:25:27',59411,'CdHXwfb',63.3717),(315,1260,46133063,'2024-03-11 15:55:16','2024-03-12 14:08:58',80022,'XiIv7gw',85.3568),(316,1012,46044841,'2024-03-11 15:55:16','2024-03-12 04:07:16',43920,'dVmwW9g',46.848),(317,1267,46044435,'2024-03-11 15:55:16','2024-03-12 19:12:13',98217,'72oilcy',64.9324),(318,1318,46130298,'2024-03-11 15:55:16','2024-03-12 03:31:49',41793,'JBw7jyN',27.6298),(319,1128,46043205,'2024-03-12 15:55:16','2024-03-12 20:36:58',16902,'AC0sobZ',31.1278),(320,1229,46042974,'2024-03-12 15:55:16','2024-03-13 03:49:27',42851,'CKNdJxG',78.9173),(321,1139,46048716,'2024-03-11 15:55:16','2024-03-11 19:33:33',13097,'FqjOAot',17.5718),(322,1014,46134124,'2024-03-11 15:55:16','2024-03-12 04:36:42',45686,'DE89O2a',84.1384),(323,1043,46049601,'2024-03-11 15:55:16','2024-03-11 20:01:05',14749,'zHZYpsg',19.7882),(324,1270,46128820,'2024-03-11 15:55:16','2024-03-12 05:26:00',48644,'ZzbaRpE',51.8869),(325,1260,46042802,'2024-03-11 15:55:16','2024-03-12 14:12:52',80256,'1uCviq8',147.805),(326,1228,46133419,'2024-03-12 15:55:16','2024-03-13 03:20:39',41123,'aIqHedO',43.8645),(327,1115,46133262,'2024-03-12 15:55:16','2024-03-13 04:22:44',44848,'8Qeza5h',47.8379),(328,1363,46130227,'2024-03-12 15:55:16','2024-03-13 09:29:50',63274,'0J8mo7E',67.4923),(329,1215,46045774,'2024-03-12 15:55:16','2024-03-13 04:07:16',43920,'XemJYN2',46.848),(330,1083,46042958,'2024-03-11 15:55:16','2024-03-12 00:59:26',32650,'stdFWLO',60.1304),(331,1310,46049534,'2024-03-11 15:55:16','2024-03-12 09:40:01',63885,'RipXSTo',85.7124),(332,1024,46049544,'2024-03-11 15:55:16','2024-03-12 12:24:12',73736,'rjn7sWy',98.9291),(333,1096,46049565,'2024-03-11 15:55:16','2024-03-12 05:02:12',47216,'iYCQyze',63.3481),(334,1120,46048249,'2024-03-11 15:55:17','2024-03-12 15:59:13',86636,'AXuF5Oy',92.4117),(335,1331,46042813,'2024-03-11 15:55:17','2024-03-12 15:20:37',84320,'nAJt7Gy',155.289),(336,1194,46132924,'2024-03-12 15:55:17','2024-03-13 08:24:42',59365,'NJrW890',63.3227),(337,1294,46042836,'2024-03-11 15:55:17','2024-03-11 23:25:58',27041,'3WAeD7v',49.8005),(338,1219,46047778,'2024-03-11 15:55:17','2024-03-12 19:35:57',99640,'H9ctMDe',133.684),(339,1184,46048086,'2024-03-11 15:55:17','2024-03-11 21:05:56',18639,'thA1kE4',25.0073),(340,1023,46043124,'2024-03-12 15:55:17','2024-03-13 17:04:17',90540,'gcWEkZA',166.745),(341,1218,46043400,'2024-03-12 15:55:17','2024-03-13 05:11:27',47770,'PTunqkH',31.5813),(342,1339,46045154,'2024-03-11 15:55:17','2024-03-12 11:02:38',68841,'FOBKxom',73.4304),(343,1225,46036026,'2024-03-11 15:55:17','2024-03-12 03:48:09',42772,'r7XxuaB',78.7718),(344,1114,46131271,'2024-03-11 15:55:17','2024-03-12 03:12:32',40635,'Ao6ZQD5',74.8361),(345,1165,46042567,'2024-03-11 15:55:17','2024-03-12 02:45:32',39015,'Qi73ZXJ',71.8526),(346,1074,46035933,'2024-03-12 15:55:17','2024-03-13 13:12:52',76655,'41p6ev5',141.173),(347,1297,46045084,'2024-03-12 15:55:17','2024-03-13 08:37:05',60108,'xUaWTFQ',64.1152),(348,1306,46132290,'2024-03-11 15:55:17','2024-03-12 05:08:17',47580,'xucLGU3',63.8365),(349,1361,46043754,'2024-03-12 15:55:17','2024-03-13 08:44:00',60523,'NCh1UQY',40.0124),(350,1331,46045379,'2024-03-12 15:55:17','2024-03-13 11:58:52',72215,'pMudTof',77.0293),(351,1231,46036318,'2024-03-12 15:55:17','2024-03-12 20:39:22',17045,'kenuUG0',31.3912),(352,1088,46043124,'2024-03-11 15:55:17','2024-03-12 12:21:09',73552,'6t9nqK3',135.458),(353,1277,46048656,'2024-03-11 15:55:17','2024-03-12 11:11:20',69363,'O7AxvGc',73.9872),(354,1185,46036173,'2024-03-12 15:55:17','2024-03-13 03:50:58',42941,'1BaQdek',79.083),(355,1012,46035875,'2024-03-11 15:55:17','2024-03-12 15:46:56',85899,'pHQOgMy',158.197),(356,1352,46044401,'2024-03-12 15:55:17','2024-03-12 23:27:26',27129,'UpqeNbi',28.9376),(357,1393,46044656,'2024-03-11 15:55:17','2024-03-12 17:55:59',93642,'CS2YZX8',99.8848),(358,1348,46127668,'2024-03-11 15:55:17','2024-03-12 08:23:17',59280,'dS1cDYb',63.232),(359,1203,46043448,'2024-03-12 15:55:17','2024-03-13 13:00:39',75922,'IQkZ8jX',80.9835),(360,1250,46128069,'2024-03-12 15:55:17','2024-03-12 22:28:51',23614,'A9qCTJp',25.1883),(361,1344,46047951,'2024-03-11 15:55:17','2024-03-12 19:08:11',97974,'bAFglNZ',131.448),(362,1072,46043054,'2024-03-11 15:55:17','2024-03-11 19:09:17',11640,'zbHXaFf',21.437),(363,1233,46035866,'2024-03-12 15:55:17','2024-03-13 08:23:53',59316,'Mp3bnZY',109.24),(364,1198,46044040,'2024-03-11 15:55:17','2024-03-12 11:31:30',70573,'v6yLrQe',46.6566),(365,1387,46129733,'2024-03-12 15:55:17','2024-03-13 05:07:30',47533,'X1mRoPy',63.7734),(366,1201,46133977,'2024-03-11 15:55:17','2024-03-11 22:00:00',21883,'szqI4iQ',29.3597),(367,1329,46133248,'2024-03-11 15:55:17','2024-03-12 19:23:05',98868,'cSQCMZ8',105.459),(368,1325,46133300,'2024-03-12 15:55:17','2024-03-12 23:14:51',26374,'97dmkhN',48.5721),(369,1262,46043543,'2024-03-11 15:55:17','2024-03-12 02:37:10',38513,'Kc4k7de',41.0805),(370,1337,46046899,'2024-03-12 15:55:17','2024-03-13 10:17:40',66143,'0Ra6AW1',88.7419),(371,1072,46043119,'2024-03-11 15:55:17','2024-03-12 15:20:58',84341,'ZJTvGYl',155.328),(372,1108,46035587,'2024-03-11 15:55:17','2024-03-12 02:52:11',39414,'bdJhxZB',42.0416),(373,1209,46035980,'2024-03-11 15:55:17','2024-03-12 03:59:45',43468,'yDb6fGc',101.305),(374,1225,46048720,'2024-03-11 15:55:17','2024-03-12 07:36:08',56451,'OWTSIXp',75.7384),(375,1092,46043015,'2024-03-11 15:55:17','2024-03-12 07:38:16',56579,'qYmNoZe',104.2),(376,1092,46129338,'2024-03-11 15:55:17','2024-03-12 13:29:41',77664,'osyOFSq',143.031),(377,1026,46043821,'2024-03-11 15:55:17','2024-03-12 06:10:12',51295,'kW7Lcmb',33.9117),(378,1235,46043804,'2024-03-12 15:55:17','2024-03-13 07:48:04',57167,'VrOsov7',37.7937),(379,1396,46045078,'2024-03-11 15:55:17','2024-03-12 17:46:38',93081,'x17yWoE',99.2864),(380,1289,46048140,'2024-03-11 15:55:17','2024-03-12 13:05:22',76205,'kluprXO',102.242),(381,1029,46042539,'2024-03-12 15:55:17','2024-03-12 22:18:47',23010,'ikzlAFr',42.3768),(382,1146,46042701,'2024-03-12 15:55:17','2024-03-13 13:38:30',78193,'V0jYk3q',144.005),(383,1128,46042974,'2024-03-12 15:55:17','2024-03-13 07:10:36',54919,'eMzjYyv',101.142),(384,1127,46045078,'2024-03-11 15:55:17','2024-03-12 04:56:31',46874,'XhRQLIM',49.9989),(385,1360,46042786,'2024-03-12 15:55:17','2024-03-12 21:17:02',19305,'z1aUi4D',35.5534),(386,1196,46035990,'2024-03-11 15:55:17','2024-03-11 19:09:43',11666,'sCZ2PSc',21.4849),(387,1125,46047773,'2024-03-11 15:55:17','2024-03-12 07:37:57',56560,'2TJspq0',75.8847),(388,1122,46047098,'2024-03-12 15:55:17','2024-03-13 11:04:26',68949,'cCgyqT1',92.5066),(389,1054,46045177,'2024-03-11 15:55:17','2024-03-12 18:58:34',97397,'KoSqJLn',103.89),(390,1178,46045177,'2024-03-12 15:55:17','2024-03-12 19:46:17',13860,'7ZHzTDo',14.784),(391,1337,46047518,'2024-03-12 15:55:17','2024-03-13 05:13:32',47895,'fTAU8zq',64.2591),(392,1088,46044857,'2024-03-12 15:55:17','2024-03-12 23:37:02',27705,'TRvpQXm',29.552),(393,1322,46133262,'2024-03-12 15:55:17','2024-03-13 01:23:03',34066,'lexBCPf',36.3371),(394,1086,46127663,'2024-03-12 15:55:17','2024-03-13 19:39:44',99867,'k5vO8rd',106.525),(395,1343,46046237,'2024-03-11 15:55:17','2024-03-12 00:43:50',31713,'bgKnmLI',33.8272),(396,1395,46047283,'2024-03-12 15:55:17','2024-03-13 06:21:48',51991,'1cpfZUt',55.4571),(397,1043,46045118,'2024-03-12 15:55:17','2024-03-13 15:36:52',85295,'GRsmlcT',90.9813),(398,1312,46127668,'2024-03-12 15:55:17','2024-03-12 20:40:23',17106,'wR3KxuV',18.2464),(399,1076,46049537,'2024-03-11 15:55:17','2024-03-12 03:00:50',39933,'ywW6c1O',53.5768),(400,1326,46036171,'2024-03-11 15:55:17','2024-03-12 05:39:36',49459,'bJhK2QH',91.087),(401,1226,46036283,'2024-03-12 15:55:17','2024-03-12 21:40:30',20713,'iEQAvhu',38.1464),(402,1032,46036027,'2024-03-11 15:55:17','2024-03-12 15:25:12',84595,'TsIGkqX',155.796),(403,1021,46131585,'2024-03-11 15:55:17','2024-03-12 18:20:30',95113,'GE2QKkq',127.61),(404,1197,46046537,'2024-03-12 15:55:17','2024-03-12 18:46:53',10296,'aDiQ8SF',10.9824),(405,1164,46048720,'2024-03-11 15:55:17','2024-03-12 09:05:29',61812,'qcy7H8O',82.9311),(406,1078,46042836,'2024-03-12 15:55:17','2024-03-13 19:03:11',97674,'m75gQWJ',179.883),(407,1307,46036229,'2024-03-12 15:55:17','2024-03-13 04:22:31',44834,'usOLN2f',82.5693),(408,1241,46035585,'2024-03-12 15:55:17','2024-03-13 19:03:07',97670,'lXzCnUb',104.181),(409,1334,46045008,'2024-03-12 15:55:17','2024-03-13 15:20:15',84298,'OvTRGJV',89.9179),(410,1156,46047543,'2024-03-11 15:55:17','2024-03-12 14:58:21',82984,'IukmOgt',111.337),(411,1121,46047945,'2024-03-11 15:55:17','2024-03-12 08:12:55',58658,'Ekw9V2d',78.6995),(412,1314,46048162,'2024-03-12 15:55:17','2024-03-13 13:33:21',77884,'EZAefm3',104.494),(413,1336,46047792,'2024-03-12 15:55:17','2024-03-13 12:30:35',74118,'bqJjnS5',99.4417);
/*!40000 ALTER TABLE `history` ENABLE KEYS */;
UNLOCK TABLES;

--
-- Table structure for table `parking`
--

DROP TABLE IF EXISTS `parking`;
/*!40101 SET @saved_cs_client     = @@character_set_client */;
/*!50503 SET character_set_client = utf8mb4 */;
CREATE TABLE `parking` (
  `p_id` int NOT NULL,
  `p_postcode` varchar(7) DEFAULT NULL,
  `p_street_name` varchar(30) DEFAULT NULL,
  `parking_spaces` int DEFAULT NULL,
  `non_diesel_tariff` float DEFAULT NULL,
  `diesel_tariff` float DEFAULT NULL,
  PRIMARY KEY (`p_id`)
) ENGINE=InnoDB DEFAULT CHARSET=utf8mb4 COLLATE=utf8mb4_0900_ai_ci;
/*!40101 SET character_set_client = @saved_cs_client */;

--
-- Dumping data for table `parking`
--

LOCK TABLES `parking` WRITE;
/*!40000 ALTER TABLE `parking` DISABLE KEYS */;
INSERT INTO `parking` VALUES (46034957,'NW36UU','Church Row',4,4.83,5.87),(46034960,'NW36UU','Church Row',4,4.83,5.87),(46034961,'NW36UU','Church Row',6,4.83,5.87),(46034983,'NW36XR','Frognal',7,3.84,4.65),(46034988,'NW36TP','Heath Street',3,4.83,5.87),(46035155,'NW37BR','Kidderpore Avenue',2,3.84,4.65),(46035159,'NW37AS','Kidderpore Avenue',3,3.84,4.65),(46035162,'NW37SU','Kidderpore Avenue',10,3.84,4.65),(46035163,'NW37SU','Kidderpore Avenue',6,3.84,4.65),(46035164,'NW37SG','Kidderpore Avenue',2,3.84,4.65),(46035165,'NW37SG','Kidderpore Avenue',4,3.84,4.65),(46035167,'NW37SG','Kidderpore Avenue',1,3.84,4.65),(46035238,'NW37PE','Kidderpore Gardens',2,3.84,4.65),(46035398,'NW37EG','Oakhill Avenue',5,3.84,4.65),(46035399,'NW37EG','Oakhill Avenue',3,3.84,4.65),(46035574,'NW35DE','Daleham Gardens',4,3.84,4.65),(46035579,'NW35AR','Belsize Lane',5,3.84,4.65),(46035583,'NW35SY','Nutley Terrace',7,3.84,4.65),(46035585,'NW35SG','Nutley Terrace',5,3.84,4.65),(46035587,'NW35RS','Netherhall Gardens',2,3.84,4.65),(46035622,'NW35BJ','Belsize Lane',4,3.84,4.65),(46035637,'NW36AP','Frognal',4,3.84,4.65),(46035645,'NW35SS','Maresfield Gardens',3,3.84,4.65),(46035647,'NW35LA','Maresfield Gardens',5,3.84,4.65),(46035648,'NW35SS','Maresfield Gardens',6,3.84,4.65),(46035649,'NW35SS','Maresfield Gardens',2,3.84,4.65),(46035650,'NW35SJ','Maresfield Gardens',3,3.84,4.65),(46035651,'NW35SJ','Maresfield Gardens',2,3.84,4.65),(46035692,'NW35BA','Fitzjohn\'s Avenue',5,3.84,4.65),(46035720,'NW37RD','Greenaway Gardens',3,3.84,4.65),(46035748,'NW35TF','Maresfield Gardens',2,3.84,4.65),(46035781,'W1T4SQ','Goodge Place',1,6.63,8.06),(46035787,'W1T5PA','Warren Street',1,6.63,8.06),(46035791,'W1T5NQ','Warren Street',1,6.63,8.06),(46035801,'W1T4PP','Charlotte Street',3,6.63,8.06),(46035804,'W1T5JF','Grafton Mews',1,6.63,8.06),(46035823,'WC1E7HT','Malet Street',11,6.63,8.06),(46035836,'W1T1AG','Stephen Mews',3,6.63,8.06),(46035856,'WC1A1JB','Streatham Street',2,6.63,8.06),(46035861,'WC1B3BG','Great Russell Street',4,6.63,8.06),(46035866,'WC1N1HA','Herbrand Street',2,6.63,8.06),(46035873,'WC1B5DN','Russell Square',10,6.63,8.06),(46035875,'WC1B5AH','Bedford Place',3,6.63,8.06),(46035878,'WC1B5JJ','Bedford Place',3,6.63,8.06),(46035889,'WC1H0AL','Bedford Way',1,8.39,8.39),(46035891,'WC1H0AP','Bedford Way',7,6.63,8.06),(46035896,'WC1H0DH','Endsleigh Street',5,6.63,8.06),(46035903,'WC1H0AP','Bedford Way',5,6.63,8.06),(46035917,'W1T4QS','Chitty Street',5,6.63,8.06),(46035932,'WC1B3JS','Bedford Square',7,6.63,8.06),(46035933,'WC1B3DR','Bedford Square',8,6.63,8.06),(46035942,'W1T2NS','Charlotte Street',2,6.63,8.06),(46035979,'WC1B3QQ','Montague Place',5,8.39,8.39),(46035980,'WC1E7JW','Montague Place',2,8.39,8.39),(46035981,'WC1E7HU','Malet Street',2,8.39,8.39),(46035984,'W1T1DY','Percy Street',2,6.63,8.06),(46035990,'WC1B5DU','Russell Square',18,6.63,8.06),(46035992,'WC1B5BJ','Montague Street',4,6.63,8.06),(46036010,'W1T4BD','Maple Place',2,6.63,8.06),(46036021,'W1T5LF','Warren Street',4,6.63,8.06),(46036026,'W1T5NZ','Warren Street',1,6.63,8.06),(46036027,'W1T6BN','Conway Street',2,6.63,8.06),(46036028,'W1T6BN','Conway Street',1,6.63,8.06),(46036030,'W1T6NL','Cleveland Street',3,6.63,8.06),(46036043,'W1T6AB','Cleveland Street',1,6.63,8.06),(46036049,'W1T5EA','Whitfield Street',1,6.63,8.06),(46036054,'W1T2RG','Whitfield Street',1,6.63,8.06),(46036063,'WC1E6HW','Keppel Street',5,6.63,8.06),(46036067,'WC1E7EY','Chenies Street',1,6.63,8.06),(46036072,'WC1E7DE','Store Street',8,6.63,8.06),(46036083,'W1T7HA','Mortimer Market',3,6.63,8.06),(46036100,'W1T4BL','Fitzroy Street',5,6.63,8.06),(46036121,'W1T4DF','Charlotte Street',5,6.63,8.06),(46036125,'WC1E7BT','Store Street',1,6.63,8.06),(46036128,'W1T2DA','Percy Street',2,6.63,8.06),(46036130,'W1T5LW','Warren Street',3,6.63,8.06),(46036136,'WC1E7AT','Huntley Street',2,6.63,8.06),(46036143,'W1T5ET','Whitfield Street',2,6.63,8.06),(46036148,'W1T2DQ','Percy Street',4,6.63,8.06),(46036150,'W1T1LN','Stephen Street',4,6.63,8.06),(46036171,'WC1B3QE','Streatham Street',1,6.63,8.06),(46036172,'WC1A1HB','Bainbridge Street',1,6.63,8.06),(46036173,'WC1A1HB','Bainbridge Street',2,6.63,8.06),(46036185,'WC1N1AP','Marchmont Street',7,6.63,8.06),(46036190,'WC1N1HA','Herbrand Street',3,6.63,8.06),(46036192,'WC1N1HA','Coram Street',2,6.63,8.06),(46036207,'WC1N1LJ','Herbrand Street',2,6.63,8.06),(46036208,'WC1N1LB','Herbrand Street',2,6.63,8.06),(46036209,'WC1N1LN','Bernard Street',8,6.63,8.06),(46036210,'WC1H0AL','Bedford Way',1,6.63,8.06),(46036211,'WC1H0AL','Bedford Way',1,8.39,8.39),(46036216,'WC1H0QB','Endsleigh Gardens',4,6.63,8.06),(46036217,'NW12BJ','Endsleigh Gardens',3,6.63,8.06),(46036218,'WC1H9HG','Endsleigh Street',1,6.63,8.06),(46036220,'WC1H0AH','Gordon Street',5,6.63,8.06),(46036223,'WC1H0AT','Gordon Square',10,6.63,8.06),(46036229,'WC1H9HH','Tavistock Square',4,6.63,8.06),(46036231,'WC1H0HW','Upper Woburn Place',3,6.63,8.06),(46036232,'WC1H0HW','Upper Woburn Place',3,6.63,8.06),(46036233,'WC1H0AG','Gordon Square',5,6.63,8.06),(46036237,'WC1H0BW','Taviton Street',3,6.63,8.06),(46036238,'WC1H0EH','Endsleigh Street',5,6.63,8.06),(46036249,'WC1E6JF','Mortimer Market',2,6.63,8.06),(46036254,'WC1E7HX','Malet Street',3,6.63,8.06),(46036257,'WC1H0AY','Gordon Street',3,6.63,8.06),(46036282,'WC1N1LJ','Bernard Street',2,6.63,8.06),(46036283,'W1T4SF','Goodge Place',3,6.63,8.06),(46036285,'WC1B3HN','Bedford Square',8,6.63,8.06),(46036290,'WC1H0BX','Taviton Street',2,6.63,8.06),(46036296,'WC1N1JD','Herbrand Street',1,6.63,8.06),(46036301,'WC1E6AG','Huntley Street',4,6.63,8.06),(46036302,'WC1E6AG','Huntley Street',2,6.63,8.06),(46036311,'WC1A2NS','Bloomsbury Square',3,6.63,8.06),(46036315,'WC1B5ER','Russell Square',7,6.63,8.06),(46036316,'WC1B5ER','Russell Square',3,6.63,8.06),(46036317,'WC1B5EG','Russell Square',4,6.63,8.06),(46036318,'WC1N1LB','Herbrand Street',2,6.63,8.06),(46036332,'W1T4DE','Whitfield Street',7,6.63,8.06),(46042317,'NW19NR','Buck Street',6,4.83,5.87),(46042511,'WC1V6NY','Fisher Street',5,6.63,8.06),(46042514,'WC1N2BF','Roger Street',2,6.63,8.06),(46042515,'WC1N2JT','Doughty Street',4,6.63,8.06),(46042516,'WC1N2JS','Doughty Street',2,6.63,8.06),(46042517,'EC1N8AT','Hatton Garden',5,6.63,8.06),(46042539,'WC1N1DZ','Guilford Street',4,6.63,8.06),(46042564,'WC1R4QF','Dane Street',1,6.63,8.06),(46042565,'WC1R4NY','Eagle Street',2,6.63,8.06),(46042566,'WC1R4BB','Princeton Street',4,6.63,8.06),(46042567,'WC1X8SH','Jockey\'s Fields',2,6.63,8.06),(46042573,'EC1N8BQ','Hatton Garden',2,6.63,8.06),(46042596,'WC2A3LN','Lincoln\'s Inn Fields',7,6.63,8.06),(46042657,'WC1N3LE','Lamb\'s Conduit Street',2,6.63,8.06),(46042667,'WC2H9LA','Shelton Street',2,6.63,8.06),(46042676,'WC1N3HR','Great Ormond Street',2,6.63,8.06),(46042686,'WC1A2HH','Little Russell Street',2,6.63,8.06),(46042688,'WC1A2HN','Little Russell Street',3,6.63,8.06),(46042692,'WC1A2JU','Bury Place',1,6.63,8.06),(46042697,'WC1A2BP','Southampton Place',3,6.63,8.06),(46042699,'WC1A2AJ','Southampton Place',3,6.63,8.06),(46042701,'WC1A2AL','Southampton Place',2,6.63,8.06),(46042702,'WC1A2ED','Barter Street',2,6.63,8.06),(46042703,'WC1A2AH','Barter Street',2,6.63,8.06),(46042706,'WC1V6PX','High Holborn',2,6.63,8.06),(46042707,'WC2A3QP','Serle Street',3,6.63,8.06),(46042708,'WC2A3TN','Lincoln\'s Inn Fields',7,6.63,8.06),(46042710,'WC2A3TN','Lincoln\'s Inn Fields',21,6.63,8.06),(46042711,'WC2A2JB','Carey Street',7,6.63,8.06),(46042714,'WC2A3LJ','Lincoln\'s Inn Fields',1,6.63,8.06),(46042715,'WC1V7EN','Whetstone Park',3,6.63,8.06),(46042717,'WC2B6TE','Kemble Street',2,6.63,8.06),(46042720,'WC2B5EF','Newton Street',1,6.63,8.06),(46042722,'WC2B4BA','Keeley Street',4,6.63,8.06),(46042725,'WC2B5BH','Great Queen Street',3,6.63,8.06),(46042734,'WC1A1DE','Bucknall Street',1,6.63,8.06),(46042735,'WC2H8AJ','Bucknall Street',2,6.63,8.06),(46042742,'WC2H8DF','New Compton Street',7,6.63,8.06),(46042743,'WC2H8DA','New Compton Street',4,6.63,8.06),(46042756,'WC2H9RE','Endell Street',3,6.63,8.06),(46042759,'WC2H9BB','Endell Street',3,6.63,8.06),(46042768,'WC1A1AD','New Oxford Street',3,6.63,8.06),(46042782,'WC1B4AE','Fisher Street',2,6.63,8.06),(46042783,'WC1R4JH','Bedford Row',6,6.63,8.06),(46042784,'WC1R4LL','Sandland Street',5,6.63,8.06),(46042785,'WC1R4AJ','Sandland Street',3,6.63,8.06),(46042786,'WC1N3AD','Old Gloucester Street',5,6.63,8.06),(46042787,'WC1N3AR','Queen Square',6,6.63,8.06),(46042788,'WC1N3AZ','Queen Square',9,6.63,8.06),(46042790,'WC1N3BG','Queen Square',5,6.63,8.06),(46042791,'WC1N3BG','Queen Square',6,6.63,8.06),(46042794,'WC1N3PZ','Boswell Street',4,6.63,8.06),(46042795,'WC1N3PZ','Boswell Street',1,6.63,8.06),(46042796,'WC1X8RX','New North Street',5,6.63,8.06),(46042798,'WC1N3PD','Dombey Street',3,6.63,8.06),(46042799,'WC1N3PD','Orde Hall Street',1,6.63,8.06),(46042800,'WC1N3JW','Orde Hall Street',2,6.63,8.06),(46042801,'WC1N3HR','Great Ormond Street',5,6.63,8.06),(46042802,'WC1N3JQ','Great Ormond Street',3,6.63,8.06),(46042804,'WC1N3RB','Great Ormond Street',3,6.63,8.06),(46042805,'WC1N2NB','John\'s Mews',2,6.63,8.06),(46042807,'WC1N2AT','John Street',3,6.63,8.06),(46042809,'WC1N2JF','Northington Street',4,6.63,8.06),(46042811,'WC1N2JZ','Roger Street',1,6.63,8.06),(46042812,'WC1N2JT','Doughty Street',2,6.63,8.06),(46042813,'WC1N2LH','Doughty Street',3,6.63,8.06),(46042816,'WC1N3EE','Millman Street',3,6.63,8.06),(46042818,'WC1N3EQ','Millman Street',3,6.63,8.06),(46042819,'EC1R4TD','Rosebery Avenue',3,6.63,8.06),(46042820,'EC1R5EW','Warner Street',2,6.63,8.06),(46042821,'EC1R5EW','Warner Street',2,6.63,8.06),(46042822,'EC1R5BD','Warner Street',2,6.63,8.06),(46042823,'EC1R5HT','Back Hill',2,6.63,8.06),(46042825,'EC1R5HA','Warner Street',3,6.63,8.06),(46042826,'WC1X0AE','Mount Pleasant',2,6.63,8.06),(46042828,'WC1X0BD','Elm Street',2,6.63,8.06),(46042831,'WC1X0BF','Gough Street',4,6.63,8.06),(46042836,'WC1R4SE','Red Lion Square',3,6.63,8.06),(46042837,'WC1R4HE','Bedford Row',6,6.63,8.06),(46042838,'EC1N8ER','Hatton Garden',4,6.63,8.06),(46042839,'EC1N8JT','Hatton Garden',1,6.63,8.06),(46042920,'WC1N1DR','Guilford Street',1,6.63,8.06),(46042921,'WC1N1DX','Guilford Street',3,6.63,8.06),(46042925,'WC1N1ES','Guilford Street',2,6.63,8.06),(46042935,'WC1X8NL','Lamb\'s Conduit Street',3,6.63,8.06),(46042948,'WC1R4FS','Eagle Street',2,6.63,8.06),(46042950,'WC1R4AJ','Red Lion Street',3,6.63,8.06),(46042951,'WC1R4PS','Red Lion Street',2,6.63,8.06),(46042954,'WC1R4LL','Sandland Street',1,6.63,8.06),(46042955,'WC1R4AJ','Sandland Street',3,6.63,8.06),(46042956,'WC1R4QR','Bedford Row',1,6.63,8.06),(46042957,'WC1R4BZ','Bedford Row',2,6.63,8.06),(46042958,'WC1R4QR','Bedford Row',1,6.63,8.06),(46042959,'WC1R4BN','Jockey\'s Fields',1,6.63,8.06),(46042960,'WC1R4BN','Jockey\'s Fields',2,6.63,8.06),(46042961,'WC1R4BW','Jockey\'s Fields',3,6.63,8.06),(46042971,'EC1N8UW','St Cross Street',2,6.63,8.06),(46042972,'EC1N8HX','Hatton Wall',2,6.63,8.06),(46042973,'EC1N8HN','Hatton Garden',2,6.63,8.06),(46042974,'EC1N8EX','Hatton Garden',2,6.63,8.06),(46042976,'EC1N8DX','Hatton Garden',13,6.63,8.06),(46042977,'EC1N8QQ','Hatton Garden',2,6.63,8.06),(46042978,'EC1N8QQ','Hatton Garden',1,6.63,8.06),(46042979,'EC1N8AW','Hatton Garden',8,6.63,8.06),(46042981,'EC1N8LE','Hatton Garden',2,6.63,8.06),(46042982,'WC1X8LU','Verulam Street',2,6.63,8.06),(46042983,'WC1X8LZ','Verulam Street',3,6.63,8.06),(46042985,'EC1N8QS','Saffron Hill',1,6.63,8.06),(46042990,'WC1R4QG','Red Lion Square',2,6.63,8.06),(46042991,'WC1R4QG','Red Lion Square',5,6.63,8.06),(46042992,'WC1B4AE','Catton Street',1,6.63,8.06),(46043004,'WC1N3HZ','Great Ormond Street',2,6.63,8.06),(46043005,'WC2B6TE','Keeley Street',1,6.63,8.06),(46043015,'WC1X8SP','Theobald\'s Road',2,6.63,8.06),(46043016,'WC1X8PF','John Street',2,6.63,8.06),(46043022,'WC2A3JX','Lincoln\'s Inn Fields',1,6.63,8.06),(46043023,'WC2A3JW','Lincoln\'s Inn Fields',1,6.63,8.06),(46043024,'WC2A3TL','Lincoln\'s Inn Fields',11,6.63,8.06),(46043025,'WC2A3QN','Serle Street',3,6.63,8.06),(46043046,'WC2B5PF','Drury Lane',4,6.63,8.06),(46043053,'WC1R4BZ','Bedford Row',1,6.63,8.06),(46043054,'WC2B5AH','Parker Street',2,6.63,8.06),(46043063,'WC1N2DE','John Street',7,6.63,8.06),(46043079,'WC1H8JN','Sidmouth Street',4,6.63,8.06),(46043080,'WC1H8LP','Cromer Street',3,6.63,8.06),(46043082,'WC1H8AG','St Chad\'s Street',2,6.63,8.06),(46043103,'WC1N1DZ','Guilford Street',4,6.63,8.06),(46043110,'WC1N2AL','Heathcote Street',1,6.63,8.06),(46043111,'WC1N2AL','Heathcote Street',4,6.63,8.06),(46043113,'WC1N2AH','Mecklenburgh Street',1,6.63,8.06),(46043119,'WC1N2AA','Doughty Street',7,6.63,8.06),(46043120,'WC1N2AA','Doughty Street',5,6.63,8.06),(46043123,'WC1H9EP','Leigh Street',1,6.63,8.06),(46043124,'WC1H9EW','Leigh Street',2,6.63,8.06),(46043125,'WC1H9EW','Leigh Street',1,6.63,8.06),(46043128,'WC1H9BB','Bidborough Street',4,6.63,8.06),(46043130,'WC1H9BB','Bidborough Street',2,6.63,8.06),(46043171,'WC1X9NL','Swinton Street',5,6.63,8.06),(46043201,'WC1X9JG','Britannia Street',2,6.63,8.06),(46043204,'WC1H8HZ','Regent Square',6,6.63,8.06),(46043205,'WC1H8JG','Harrison Street',4,6.63,8.06),(46043206,'WC1H8EE','Argyle Street',3,6.63,8.06),(46043207,'WC1H8AS','Argyle Square',3,6.63,8.06),(46043210,'WC1H8AT','Crestfield Street',5,6.63,8.06),(46043211,'WC1H8AL','Argyle Square',2,6.63,8.06),(46043212,'WC1H8AG','St Chad\'s Street',1,6.63,8.06),(46043213,'WC1H8EJ','Argyle Street',5,6.63,8.06),(46043214,'WC1H9DR','Hastings Street',4,6.63,8.06),(46043215,'WC1H9PA','Cromer Street',4,6.63,8.06),(46043217,'WC1X0LG','Pakenham Street',3,6.63,8.06),(46043219,'WC1X0NF','Frederick Street',2,6.63,8.06),(46043220,'WC1X0LZ','Ampton Place',3,6.63,8.06),(46043221,'WC1X9JF','Britannia Street',4,6.63,8.06),(46043222,'WC1X0LJ','Pakenham Street',1,6.63,8.06),(46043270,'WC1N1EH','Guilford Street',6,6.63,8.06),(46043277,'WC1N2AH','Mecklenburgh Street',3,6.63,8.06),(46043286,'WC1N2AA','Doughty Street',1,6.63,8.06),(46043289,'WC1H9AW','Flaxman Terrace',4,6.63,8.06),(46043290,'WC1H9AZ','Mabledon Place',2,6.63,8.06),(46043291,'WC1H9AZ','Mabledon Place',2,6.63,8.06),(46043301,'WC1H9AH','Burton Street',2,6.63,8.06),(46043302,'WC1H9AL','Burton Street',3,6.63,8.06),(46043305,'WC1H9EP','Leigh Street',2,6.63,8.06),(46043306,'WC1H9RF','Leigh Street',3,6.63,8.06),(46043308,'WC1H9NP','Hastings Street',2,6.63,8.06),(46043315,'WC1H9ER','Thanet Street',2,6.63,8.06),(46043321,'WC1H9EP','Sandwich Street',3,6.63,8.06),(46043325,'WC1H9EN','Hastings Street',5,6.63,8.06),(46043345,'WC1X8BG','Britannia Street',3,6.63,8.06),(46043368,'NW62QU','Netherwood Street',4,2.38,2.89),(46043376,'NW62QU','Netherwood Street',5,2.38,2.89),(46043378,'NW62QU','Netherwood Street',1,2.38,2.89),(46043380,'NW62QS','Netherwood Street',2,2.38,2.89),(46043386,'NW62FF','Grangeway',2,2.38,2.89),(46043389,'NW62BT','Grangeway',1,2.38,2.89),(46043390,'NW62FF','Grangeway',9,2.38,2.89),(46043392,'NW64LD','Messina Avenue',7,2.38,2.89),(46043395,'NW64JL','Gascony Avenue',1,2.38,2.89),(46043396,'NW64LA','Kingsgate Road',3,2.38,2.89),(46043400,'NW64LA','Kingsgate Road',1,2.38,2.89),(46043402,'NW64LA','Kingsgate Road',2,2.38,2.89),(46043445,'NW80DY','Alexandra Place',8,3.84,4.65),(46043446,'NW80DL','Loudoun Road',3,3.84,4.65),(46043448,'NW80AN','Loudoun Road',6,3.84,4.65),(46043451,'NW80RH','Boundary Road',7,3.84,4.65),(46043507,'NW64BT','Belsize Road',4,3.84,4.65),(46043509,'NW64AA','Belsize Road',4,3.84,4.65),(46043537,'NW64SL','Abbey Road',3,3.84,4.65),(46043543,'NW64DL','Abbey Road',3,3.84,4.65),(46043544,'NW64AD','Belsize Road',3,3.84,4.65),(46043570,'NW64BT','Belsize Road',2,3.84,4.65),(46043573,'NW62FF','Grangeway',1,2.38,2.89),(46043575,'NW80HG','Boundary Road',4,3.84,4.65),(46043585,'NW64AA','Kilburn Priory',3,3.84,4.65),(46043601,'NW63QG','Fairhazel Gardens',1,3.84,4.65),(46043605,'NW62DG','Palmerston Road',5,2.38,2.89),(46043607,'NW64JH','Kingsgate Place',1,2.38,2.89),(46043619,'NW64TE','Kingsgate Road',5,2.38,2.89),(46043620,'NW64JY','Kingsgate Road',3,2.38,2.89),(46043640,'NW64LA','Messina Avenue',3,2.38,2.89),(46043643,'NW62NP','Cotleigh Road',2,2.38,2.89),(46043662,'NW64LH','Birchington Road',3,3.84,4.65),(46043678,'NW64PG','Quex Road',4,3.84,4.65),(46043693,'NW65HT','Greville Road',3,3.84,4.65),(46043695,'NW62JE','Kingsgate Road',7,2.38,2.89),(46043698,'NW62JL','Palmerston Road',5,2.38,2.89),(46043701,'NW64AD','Belsize Road',2,3.84,4.65),(46043754,'NW23EJ','Richborough Road',2,2.38,2.89),(46043755,'NW23EJ','Richborough Road',2,2.38,2.89),(46043782,'NW23XL','Minster Road',2,2.38,2.89),(46043803,'NW23BZ','Rondu Road',2,2.38,2.89),(46043804,'NW23BZ','Rondu Road',3,2.38,2.89),(46043812,'NW23EP','Ebbsfleet Road',2,2.38,2.89),(46043813,'NW23EL','Ebbsfleet Road',3,2.38,2.89),(46043820,'NW23EP','Skardu Road',3,2.38,2.89),(46043821,'NW23EP','Skardu Road',3,2.38,2.89),(46043854,'NW61TG','Mill Lane',7,2.38,2.89),(46043957,'NW23XH','Manstone Road',6,2.38,2.89),(46043998,'NW61DS','Fortune Green Road',4,2.38,2.89),(46044011,'NW61DP','Fortune Green Road',4,2.38,2.89),(46044014,'NW61DJ','Fortune Green Road',7,2.38,2.89),(46044015,'NW61NB','Mill Lane',4,2.38,2.89),(46044016,'NW61NJ','Mill Lane',2,2.38,2.89),(46044018,'NW61NR','Mill Lane',5,2.38,2.89),(46044034,'NW61NN','Dornfell Street',6,2.38,2.89),(46044040,'NW61AE','Aldred Road',2,2.38,2.89),(46044061,'NW61NY','Hillfield Road',6,2.38,2.89),(46044070,'NW61DU','Ajax Road',10,2.38,2.89),(46044099,'NW61NT','Westbere Road',3,2.38,2.89),(46044109,'NW23RU','Westbere Road',20,2.38,2.89),(46044140,'NW23SJ','Minster Road',3,2.38,2.89),(46044199,'NW22BY','Burgess Hill',5,2.38,2.89),(46044212,'NW61NS','Mill Lane',28,2.38,2.89),(46044217,'NW61LT','West End Lane',5,2.38,2.89),(46044221,'NW61DH','Ingham Road',4,2.38,2.89),(46044228,'NW61DH','Fortune Green Road',2,2.38,2.89),(46044233,'NW61NH','Broomsleigh Street',4,2.38,2.89),(46044235,'NW61NU','Gondar Gardens',5,2.38,2.89),(46044241,'NW63AU','Broadhurst Gardens',3,3.84,4.65),(46044244,'NW63BQ','Broadhurst Gardens',18,3.84,4.65),(46044262,'NW62HX','Iverson Road',3,2.38,2.89),(46044271,'NW62QW','Iverson Road',4,2.38,2.89),(46044321,'NW62EP','Maygrove Road',11,2.38,2.89),(46044372,'NW61BA','Dennington Park Road',8,3.84,4.65),(46044401,'NW61SA','Blackburn Road',5,3.84,4.65),(46044434,'NW62AE','Kingsgate Road',5,2.38,2.89),(46044435,'NW62QH','Loveridge Road',2,2.38,2.89),(46044436,'NW62AE','Hemstal Road',1,2.38,2.89),(46044437,'NW62AD','Hemstal Road',3,2.38,2.89),(46044472,'NW61LN','West End Lane',3,3.84,4.65),(46044474,'NW61XL','Sumatra Road',2,2.38,2.89),(46044484,'NW61PL','Sumatra Road',8,2.38,2.89),(46044492,'NW61NF','Sumatra Road',1,2.38,2.89),(46044493,'NW61NF','Mill Lane',7,2.38,2.89),(46044496,'NW61TE','Mill Lane',7,2.38,2.89),(46044498,'NW61RP','West End Lane',2,3.84,4.65),(46044499,'NW61LG','West End Lane',4,3.84,4.65),(46044500,'NW61AX','Sandwell Crescent',2,3.84,4.65),(46044501,'NW61XL','Sandwell Crescent',3,3.84,4.65),(46044523,'NW61RB','Inglewood Road',4,3.84,4.65),(46044524,'NW61RB','Inglewood Road',2,3.84,4.65),(46044556,'NW61NQ','Mill Lane',5,2.38,2.89),(46044558,'NW61SW','Lymington Road',4,3.84,4.65),(46044570,'NW61JD','Alvanley Gardens',30,3.84,4.65),(46044619,'NW61TA','Fawley Road',4,3.84,4.65),(46044636,'NW61TP','Solent Road',2,2.38,2.89),(46044638,'NW61NF','Sumatra Road',2,2.38,2.89),(46044639,'NW61HQ','Lymington Road',3,3.84,4.65),(46044640,'NW61XN','Dennington Park Road',7,3.84,4.65),(46044646,'NW61NH','Broomsleigh Street',2,2.38,2.89),(46044655,'NW51LZ','Lissenden Gardens',2,3.84,4.65),(46044656,'NW51LZ','Lissenden Gardens',3,3.84,4.65),(46044733,'NW51ST','York Rise',10,3.84,4.65),(46044772,'NW51HF','Croftdown Road',4,3.84,4.65),(46044836,'N195DQ','Bertram Street',8,3.84,4.65),(46044841,'N195BU','Croftdown Road',3,3.84,4.65),(46044852,'N65HG','Highgate Hill',12,3.84,4.65),(46044856,'N66PL','Swain\'s Lane',4,3.84,4.65),(46044857,'N66PJ','Swain\'s Lane',6,3.84,4.65),(46044873,'N66BS','South Grove',1,3.84,4.65),(46044884,'N66JB','Millfield Lane',9,3.84,4.65),(46044885,'N66JB','Millfield Lane',4,3.84,4.65),(46044886,'N66JB','Millfield Lane',14,3.84,4.65),(46044887,'N66JH','Millfield Lane',1,3.84,4.65),(46044902,'NW51BU','Chetwynd Road',12,3.84,4.65),(46044909,'N66QX','Swain\'s Lane',2,3.84,4.65),(46044949,'NW51NJ','Gordon House Road',4,3.84,4.65),(46045008,'NW51QX','Swain\'s Lane',3,3.84,4.65),(46045011,'N66QR','Swain\'s Lane',2,3.84,4.65),(46045050,'NW51JP','Dartmouth Park Avenue',7,3.84,4.65),(46045054,'N195BU','Chester Road',4,3.84,4.65),(46045056,'N65HG','Highgate Hill',3,3.84,4.65),(46045057,'N65HG','Highgate Hill',3,3.84,4.65),(46045067,'N65JT','Highgate High Street',4,3.84,4.65),(46045073,'N66BB','Highgate West Hill',3,3.84,4.65),(46045078,'N66BS','South Grove',4,3.84,4.65),(46045079,'N66BS','South Grove',5,3.84,4.65),(46045082,'N66BS','South Grove',7,3.84,4.65),(46045083,'N66PH','South Grove',2,3.84,4.65),(46045084,'N66PH','South Grove',5,3.84,4.65),(46045085,'N66PH','South Grove',1,3.84,4.65),(46045086,'N66BD','South Grove',5,3.84,4.65),(46045087,'N66BD','South Grove',2,3.84,4.65),(46045088,'N66BD','South Grove',2,3.84,4.65),(46045095,'N66JB','Millfield Lane',15,3.84,4.65),(46045096,'N66JB','Millfield Lane',3,3.84,4.65),(46045109,'N66QX','Swain\'s Lane',2,3.84,4.65),(46045114,'N65JT','Highgate High Street',3,3.84,4.65),(46045115,'NW51HF','Croftdown Road',5,3.84,4.65),(46045117,'N66BD','South Grove',2,3.84,4.65),(46045118,'N66BD','South Grove',2,3.84,4.65),(46045119,'N66BU','Highgate West Hill',14,3.84,4.65),(46045121,'N65JR','Highgate Hill',14,3.84,4.65),(46045122,'N66QX','Swain\'s Lane',3,3.84,4.65),(46045146,'NW52EL','Hammond Street',4,3.84,4.65),(46045149,'NW52JT','Kentish Town Road',7,3.84,4.65),(46045154,'NW52AA','Frideswide Place',5,3.84,4.65),(46045171,'NW52HP','Fortess Road',3,3.84,4.65),(46045172,'NW52HL','Raveley Street',4,3.84,4.65),(46045176,'NW52EU','Fortess Walk',3,3.84,4.65),(46045177,'NW52ET','Falkland Road',3,3.84,4.65),(46045276,'N195AA','Brecknock Road',4,3.84,4.65),(46045344,'NW53AW','Willes Road',4,3.84,4.65),(46045367,'NW52JB','Ospringe Road',4,3.84,4.65),(46045379,'NW51AG','Fortess Road',3,3.84,4.65),(46045380,'NW51AE','Fortess Road',3,3.84,4.65),(46045403,'NW52HJ','Fortess Road',2,3.84,4.65),(46045408,'NW53AP','Spring Place',8,3.84,4.65),(46045418,'NW52BJ','Bartholomew Road',7,3.84,4.65),(46045419,'NW52BJ','Bartholomew Road',5,3.84,4.65),(46045440,'NW52EN','Islip Street',3,3.84,4.65),(46045468,'N70FL','Brecknock Road',2,3.84,4.65),(46045473,'N70BL','Brecknock Road',4,3.84,4.65),(46045474,'N70BL','Brecknock Road',6,3.84,4.65),(46045488,'NW51UD','Burghley Road',4,3.84,4.65),(46045498,'NW52HL','Fortess Road',3,3.84,4.65),(46045512,'NW52XT','Lady Margaret Road',8,3.84,4.65),(46045537,'NW18SX','Castle Road',3,3.84,4.65),(46045552,'NW18PR','Castle Road',2,3.84,4.65),(46045556,'NW18SJ','Castlehaven Road',3,3.84,4.65),(46045591,'NW53EJ','Grafton Road',2,3.84,4.65),(46045598,'NW52HP','Fortess Road',3,3.84,4.65),(46045603,'NW18PD','Kelly Street',2,3.84,4.65),(46045605,'N70BT','Brecknock Road',1,3.84,4.65),(46045609,'NW52AA','Kentish Town Road',4,3.84,4.65),(46045639,'NW18DP','Harmood Street',6,3.84,4.65),(46045656,'NW54EP','Queen\'s Crescent',5,3.84,4.65),(46045714,'NW53HH','Malden Road',3,3.84,4.65),(46045722,'NW54DA','Malden Road',3,3.84,4.65),(46045734,'NW54HT','Malden Road',11,3.84,4.65),(46045737,'NW53PJ','Talacre Road',1,3.84,4.65),(46045742,'NW18EE','Ferdinand Place',2,3.84,4.65),(46045743,'NW18DU','Ferdinand Place',1,3.84,4.65),(46045772,'NW54RJ','Grafton Road',3,3.84,4.65),(46045774,'NW54BB','Grafton Road',2,3.84,4.65),(46045775,'NW54BB','Grafton Road',2,3.84,4.65),(46045816,'NW34SJ','Steele\'s Road',3,3.84,4.65),(46045849,'NW34SX','Provost Road',3,3.84,4.65),(46045860,'NW33HH','Adelaide Road',7,3.84,4.65),(46045867,'NW34SU','Eton Road',6,3.84,4.65),(46045910,'NW18HN','Belmont Street',3,3.84,4.65),(46045932,'NW18DS','Harmood Street',5,3.84,4.65),(46045939,'NW18DP','Harmood Street',3,3.84,4.65),(46046062,'NW54BY','Malden Road',4,3.84,4.65),(46046069,'NW54JS','Southampton Road',4,3.84,4.65),(46046145,'NW54DR','Queen\'s Crescent',6,3.84,4.65),(46046153,'NW54HH','Weedington Road',2,3.84,4.65),(46046188,'NW32HU','Mansfield Road',6,3.84,4.65),(46046197,'NW32JL','Mansfield Road',5,3.84,4.65),(46046237,'NW32EN','Lawn Road',2,3.84,4.65),(46046280,'NW32DG','Fleet Road',6,3.84,4.65),(46046285,'NW32LL','Constantine Road',6,3.84,4.65),(46046383,'NW32PT','South End Road',1,3.84,4.65),(46046396,'NW54BB','Grafton Road',4,3.84,4.65),(46046537,'NW63QT','Broadhurst Gardens',8,3.84,4.65),(46046538,'NW63BS','Broadhurst Gardens',4,3.84,4.65),(46046656,'NW64RP','Belsize Road',3,3.84,4.65),(46046659,'NW80RX','Boundary Road',3,3.84,4.65),(46046708,'NW63QT','Broadhurst Gardens',7,3.84,4.65),(46046758,'NW63HY','Goldhurst Terrace',6,3.84,4.65),(46046811,'NW63QE','Fairhazel Gardens',3,3.84,4.65),(46046898,'NW33DR','Elsworthy Terrace',9,4.83,5.87),(46046899,'NW33DR','Elsworthy Terrace',15,4.83,5.87),(46046929,'NW64EH','Fairfax Road',17,3.84,4.65),(46046934,'NW33NJ','Winchester Road',2,3.84,4.65),(46046937,'NW64EB','Fairfax Road',16,3.84,4.65),(46047098,'NW33DG','Primrose Hill Road',5,4.83,5.87),(46047106,'NW33RA','Lower Merton Rise',4,4.83,5.87),(46047116,'NW33RA','Lower Merton Rise',2,4.83,5.87),(46047117,'NW34QS','Glenloch Road',2,3.84,4.65),(46047159,'NW34YD','England\'s Lane',2,3.84,4.65),(46047160,'NW34UE','England\'s Lane',9,3.84,4.65),(46047161,'NW34TG','England\'s Lane',10,3.84,4.65),(46047165,'NW33XX','Adelaide Road',3,3.84,4.65),(46047166,'NW33RY','Adelaide Road',2,3.84,4.65),(46047167,'NW33RY','Adelaide Road',3,3.84,4.65),(46047283,'NW33NT','Winchester Road',5,3.84,4.65),(46047287,'NW33NR','Fellows Road',5,3.84,4.65),(46047323,'NW33HJ','Eton Avenue',3,3.84,4.65),(46047332,'NW33ET','Eton Avenue',4,3.84,4.65),(46047352,'NW34PE','Lambolle Place',5,3.84,4.65),(46047354,'NW34NJ','Belsize Park Gardens',7,3.84,4.65),(46047360,'NW34PG','Lambolle Place',2,3.84,4.65),(46047395,'NW34AX','Belsize Terrace',8,3.84,4.65),(46047432,'NW33HY','Eton Avenue',3,3.84,4.65),(46047482,'NW13JT','Robert Street',2,4.83,5.87),(46047483,'NW13JT','Robert Street',7,4.83,5.87),(46047486,'NW13FB','Robert Street',8,4.83,5.87),(46047487,'NW13QJ','Robert Street',2,4.83,5.87),(46047488,'NW13QT','Robert Street',6,4.83,5.87),(46047501,'NW13DF','Osnaburgh Street',1,4.83,5.87),(46047503,'NW13PE','Longford Street',4,4.83,5.87),(46047513,'NW12FE','Stephenson Way',3,4.83,5.87),(46047518,'NW12NB','North Gower Street',5,4.83,5.87),(46047523,'NW12HL','Drummond Street',5,4.83,5.87),(46047524,'NW12HL','Drummond Street',3,4.83,5.87),(46047540,'NW17RE','Mornington Crescent',1,4.83,5.87),(46047541,'NW17RE','Mornington Crescent',1,4.83,5.87),(46047542,'NW17RE','Mornington Crescent',1,4.83,5.87),(46047543,'NW17RP','Albert Street',2,4.83,5.87),(46047549,'NW10AA','Bayham Street',1,4.83,5.87),(46047551,'NW11NL','Oakley Square',3,4.83,5.87),(46047564,'NW17RG','Mornington Crescent',3,4.83,5.87),(46047611,'NW12NR','North Gower Street',9,4.83,5.87),(46047615,'NW14AP','Park Village West',2,4.83,5.87),(46047647,'NW13TH','Augustus Street',5,4.83,5.87),(46047649,'NW13TH','Augustus Street',3,4.83,5.87),(46047660,'NW13QT','Robert Street',2,4.83,5.87),(46047661,'NW13SX','Park Village East',8,4.83,5.87),(46047663,'NW17PZ','Park Village East',3,4.83,5.87),(46047664,'NW13DL','Park Village East',6,4.83,5.87),(46047674,'NW13RB','Stanhope Street',4,4.83,5.87),(46047678,'NW13RG','Varndell Street',1,4.83,5.87),(46047684,'NW13RR','Varndell Street',2,4.83,5.87),(46047685,'NW13RP','Varndell Street',1,4.83,5.87),(46047689,'NW13FF','Drummond Street',2,4.83,5.87),(46047690,'NW13FG','Drummond Street',2,4.83,5.87),(46047692,'NW13DF','Osnaburgh Street',2,4.83,5.87),(46047693,'NW13DE','Osnaburgh Street',2,4.83,5.87),(46047694,'NW14DT','Albany Street',2,8.39,8.39),(46047699,'NW13HB','Stanhope Street',4,4.83,5.87),(46047701,'NW13EP','William Road',3,4.83,5.87),(46047704,'NW12ND','North Gower Street',3,4.83,5.87),(46047706,'NW12FE','Stephenson Way',2,4.83,5.87),(46047710,'NW12EZ','Euston Street',2,4.83,5.87),(46047711,'NW12EZ','Euston Street',2,4.83,5.87),(46047712,'NW12ND','North Gower Street',8,4.83,5.87),(46047713,'NW12ND','North Gower Street',3,4.83,5.87),(46047714,'NW12LY','North Gower Street',6,4.83,5.87),(46047715,'NW12LY','Starcross Street',6,4.83,5.87),(46047726,'NW12HL','Drummond Street',2,4.83,5.87),(46047734,'NW17RT','Mornington Terrace',4,4.83,5.87),(46047749,'NW17HT','Arlington Road',2,4.83,5.87),(46047754,'NW17LL','Arlington Road',6,4.83,5.87),(46047755,'NW17RD','Arlington Road',4,4.83,5.87),(46047756,'NW17HX','Arlington Road',3,4.83,5.87),(46047773,'NW10EY','Bayham Street',8,4.83,5.87),(46047776,'NW11NB','Oakley Square',3,4.83,5.87),(46047777,'NW11NB','Oakley Square',5,4.83,5.87),(46047778,'NW11NJ','Oakley Square',1,4.83,5.87),(46047779,'NW11NJ','Oakley Square',7,4.83,5.87),(46047784,'NW17RH','Mornington Crescent',5,4.83,5.87),(46047785,'NW17RG','Mornington Crescent',8,4.83,5.87),(46047792,'NW10AB','Bayham Street',4,4.83,5.87),(46047798,'NW17RB','Mornington Crescent',3,4.83,5.87),(46047799,'NW10AA','Bayham Street',4,4.83,5.87),(46047802,'NW17QY','Hampstead Road',8,4.83,5.87),(46047812,'NW13FF','Drummond Street',2,4.83,5.87),(46047840,'NW17NE','Albert Street',4,4.83,5.87),(46047852,'NW17PP','Parkway',3,4.83,5.87),(46047865,'NW19NR','Kentish Town Road',6,4.83,5.87),(46047871,'NW19PU','Jeffrey\'s Street',3,4.83,5.87),(46047887,'NW18PU','Lewis Street',3,3.84,4.65),(46047894,'NW10AX','Greenland Road',7,4.83,5.87),(46047917,'NW18QU','Castlehaven Road',3,4.83,5.87),(46047941,'NW18JH','Princess Road',3,4.83,5.87),(46047945,'NW18UT','Regent\'s Park Road',1,4.83,5.87),(46047951,'NW10AU','Greenland Road',5,4.83,5.87),(46047960,'NW10JA','Camden Street',3,4.83,5.87),(46047965,'NW19DT','Lyme Street',3,4.83,5.87),(46047971,'NW10EB','Lyme Street',3,4.83,5.87),(46047976,'NW10EA','Georgiana Street',3,4.83,5.87),(46047998,'NW18JB','Dumpton Place',2,4.83,5.87),(46047999,'NW18JB','Dumpton Place',5,4.83,5.87),(46048015,'NW18LS','Chalcot Road',12,4.83,5.87),(46048016,'NW18LL','Chalcot Road',15,4.83,5.87),(46048029,'NW18YN','Sharpleshall Street',12,4.83,5.87),(46048030,'NW18YL','Sharpleshall Street',6,4.83,5.87),(46048031,'NW18YG','Sharpleshall Street',2,4.83,5.87),(46048032,'NW18YL','Sharpleshall Street',8,4.83,5.87),(46048051,'NW33AJ','Erskine Road',2,4.83,5.87),(46048054,'NW18UT','Erskine Road',4,4.83,5.87),(46048056,'NW18XP','Regent\'s Park Road',1,4.83,5.87),(46048057,'NW18XP','Regent\'s Park Road',1,4.83,5.87),(46048059,'NW18JA','Gloucester Avenue',6,4.83,5.87),(46048060,'NW18JA','Gloucester Avenue',5,4.83,5.87),(46048061,'NW18JA','Gloucester Avenue',13,4.83,5.87),(46048062,'NW18LA','Gloucester Avenue',40,4.83,5.87),(46048063,'NW18HX','Gloucester Avenue',6,4.83,5.87),(46048064,'NW18HX','Gloucester Avenue',2,4.83,5.87),(46048065,'NW18HX','Gloucester Avenue',8,4.83,5.87),(46048073,'NW18LD','Gloucester Avenue',7,4.83,5.87),(46048086,'NW18JR','Princess Road',10,4.83,5.87),(46048089,'NW18JL','Chalcot Road',6,4.83,5.87),(46048090,'NW18JL','Chalcot Road',3,4.83,5.87),(46048091,'NW18LH','Chalcot Road',29,4.83,5.87),(46048093,'NW18LH','Chalcot Road',5,4.83,5.87),(46048094,'NW18LY','Chalcot Road',6,4.83,5.87),(46048097,'NW33AY','Primrose Hill Road',28,4.83,5.87),(46048126,'NW33AX','Primrose Hill Road',13,4.83,5.87),(46048132,'NW17HP','Arlington Road',4,4.83,5.87),(46048134,'NW17EX','Arlington Road',5,4.83,5.87),(46048135,'NW17NB','Albert Street',9,4.83,5.87),(46048140,'NW17EX','Arlington Road',10,4.83,5.87),(46048143,'NW10BJ','Pratt Street',3,4.83,5.87),(46048145,'NW10BG','Pratt Street',3,4.83,5.87),(46048146,'NW10BD','Bayham Street',4,4.83,5.87),(46048149,'NW10AT','Bayham Street',3,4.83,5.87),(46048158,'NW10AP','Greenland Place',3,4.83,5.87),(46048159,'NW10AP','Greenland Place',2,4.83,5.87),(46048161,'NW17AH','Parkway',7,4.83,5.87),(46048162,'NW17AN','Parkway',5,4.83,5.87),(46048163,'NW17AN','Parkway',3,4.83,5.87),(46048164,'NW17AN','Parkway',4,4.83,5.87),(46048178,'NW17HL','Arlington Road',2,4.83,5.87),(46048179,'NW17BW','Jamestown Road',8,4.83,5.87),(46048181,'NW17HD','Arlington Road',4,4.83,5.87),(46048191,'NW17EE','Oval Road',7,4.83,5.87),(46048198,'NW17PE','Oval Road',3,4.83,5.87),(46048199,'NW17PE','Oval Road',2,4.83,5.87),(46048200,'NW17DH','Oval Road',4,4.83,5.87),(46048201,'NW17DH','Oval Road',2,4.83,5.87),(46048205,'NW17BJ','Oval Road',4,4.83,5.87),(46048209,'NW18TT','Hawley Crescent',2,4.83,5.87),(46048210,'NW18NP','Hawley Crescent',3,4.83,5.87),(46048211,'NW18NL','Hawley Crescent',4,4.83,5.87),(46048212,'NW19NX','Kentish Town Road',4,4.83,5.87),(46048213,'NW19NX','Kentish Town Road',2,4.83,5.87),(46048223,'NW19LT','Ivor Street',2,4.83,5.87),(46048245,'NW18RJ','Castlehaven Road',8,3.84,4.65),(46048249,'NW18HR','Hartland Road',3,3.84,4.65),(46048266,'NW18PX','Castlehaven Road',2,3.84,4.65),(46048268,'NW18PX','Lewis Street',2,3.84,4.65),(46048272,'NW18PU','Castlehaven Road',2,3.84,4.65),(46048276,'NW18XD','Regent\'s Park Road',2,4.83,5.87),(46048279,'NW18PR','Castle Road',7,3.84,4.65),(46048281,'NW19NN','Royal College Street',5,4.83,5.87),(46048283,'NW17AN','Parkway',5,4.83,5.87),(46048293,'NW18PB','Kentish Town Road',8,4.83,5.87),(46048295,'NW19PT','Camden Street',3,4.83,5.87),(46048296,'NW19PT','Camden Street',7,4.83,5.87),(46048297,'NW19PA','Camden Street',3,4.83,5.87),(46048312,'NW18JH','Gloucester Avenue',11,4.83,5.87),(46048317,'NW18TT','Hawley Crescent',5,4.83,5.87),(46048398,'NW19QA','Rochester Road',2,3.84,4.65),(46048438,'NW19XB','Camden Square',10,3.84,4.65),(46048439,'NW19XB','Camden Square',4,3.84,4.65),(46048479,'NW19BP','Camden Terrace',5,3.84,4.65),(46048488,'NW19BG','Camden Park Road',5,3.84,4.65),(46048531,'NW19BR','Murray Street',3,3.84,4.65),(46048534,'NW19RE','Murray Street',5,3.84,4.65),(46048564,'NW19JN','Rochester Terrace',2,3.84,4.65),(46048576,'NW19JW','Wilmot Place',6,3.84,4.65),(46048580,'NW19JP','Wilmot Place',5,3.84,4.65),(46048583,'NW19JP','Wilmot Place',4,3.84,4.65),(46048591,'NW19JB','Rochester Mews',4,3.84,4.65),(46048600,'NW19JJ','Bartholomew Road',4,3.84,4.65),(46048655,'NW52EL','Hammond Street',9,3.84,4.65),(46048656,'NW52EL','Hammond Street',7,3.84,4.65),(46048657,'NW52EL','Hammond Street',5,3.84,4.65),(46048659,'NW52EA','Kentish Town Road',2,3.84,4.65),(46048678,'NW52LL','Bartholomew Villas',6,3.84,4.65),(46048708,'NW36TU','Heath Street',8,4.83,5.87),(46048709,'NW31QH','Hampstead High Street',4,4.83,5.87),(46048711,'NW31QX','Hampstead High Street',2,4.83,5.87),(46048716,'NW31PY','Hampstead High Street',5,4.83,5.87),(46048717,'NW31PX','Hampstead High Street',1,4.83,5.87),(46048720,'NW31JQ','Hampstead High Street',1,4.83,5.87),(46048721,'NW31QE','Hampstead High Street',2,4.83,5.87),(46048733,'NW31QW','Gayton Road',3,4.83,5.87),(46048760,'NW31RG','Willoughby Road',1,4.83,5.87),(46048783,'NW31DA','Well Road',6,3.84,4.65),(46048784,'NW31BT','Well Walk',5,3.84,4.65),(46048824,'NW36SR','Upper Terrace',3,3.84,4.65),(46048842,'NW36TP','Heath Street',5,4.83,5.87),(46048843,'NW36NX','Fitzjohn\'s Avenue',2,4.83,5.87),(46048844,'NW36NT','Fitzjohn\'s Avenue',12,4.83,5.87),(46048845,'NW36NR','Fitzjohn\'s Avenue',10,4.83,5.87),(46048846,'NW31RG','Greenhill',18,4.83,5.87),(46048847,'NW36AU','Prince Arthur Road',4,4.83,5.87),(46048848,'NW36AU','Prince Arthur Road',6,4.83,5.87),(46048860,'NW31NH','Rosslyn Hill',2,4.83,5.87),(46048863,'NW35UQ','Rosslyn Hill',2,4.83,5.87),(46048864,'NW35UH','Thurlow Road',3,3.84,4.65),(46048881,'NW31NH','Downshire Hill',1,4.83,5.87),(46048885,'NW31TH','Downshire Hill',5,4.83,5.87),(46048886,'NW32RJ','Downshire Hill',2,4.83,5.87),(46048890,'NW32RL','South End Road',15,4.83,5.87),(46048891,'NW32RL','South End Road',12,4.83,5.87),(46048893,'NW32QE','South End Road',3,4.83,5.87),(46048903,'NW31PA','Downshire Hill',5,4.83,5.87),(46048941,'NW31PD','Rosslyn Hill',7,4.83,5.87),(46048963,'NW35LS','Fitzjohn\'s Avenue',11,4.83,5.87),(46048976,'NW35NN','Lyndhurst Gardens',2,3.84,4.65),(46048996,'NW34QB','Belsize Lane',2,3.84,4.65),(46049007,'NW31TH','Downshire Hill',9,4.83,5.87),(46049016,'NW31SD','Willoughby Road',1,4.83,5.87),(46049017,'NW31SD','Willoughby Road',1,4.83,5.87),(46049018,'NW31NN','Rosslyn Hill',3,4.83,5.87),(46049026,'NW35PH','Thurlow Road',6,3.84,4.65),(46049043,'NW35AE','Belsize Lane',2,3.84,4.65),(46049046,'NW35QH','Lyndhurst Gardens',2,3.84,4.65),(46049054,'NW37HG','North End Way',4,3.84,4.65),(46049065,'NW37EU','North End Way',3,3.84,4.65),(46049066,'NW37UU','West Heath Road',3,3.84,4.65),(46049069,'NW31RG','Hampstead High Street',20,4.83,5.87),(46049070,'NW31PR','Hampstead High Street',5,4.83,5.87),(46049094,'NW31ND','Rosslyn Hill',9,4.83,5.87),(46049100,'NW31PA','Downshire Hill',4,4.83,5.87),(46049127,'NW31SP','Pilgrim\'s Lane',5,3.84,4.65),(46049128,'NW31TH','Pilgrim\'s Lane',2,3.84,4.65),(46049152,'NW32QD','South Hill Park',3,3.84,4.65),(46049192,'NW32QD','South Hill Park',12,3.84,4.65),(46049252,'NW35AS','Belsize Lane',6,3.84,4.65),(46049260,'NW31AG','Holford Road',4,3.84,4.65),(46049263,'NW34PS','Belsize Lane',3,3.84,4.65),(46049279,'NW31QU','Perrin\'s Lane',2,4.83,5.87),(46049281,'NW37XD','West Heath Road',7,3.84,4.65),(46049282,'NW37UU','West Heath Road',5,3.84,4.65),(46049300,'NW37XD','West Heath Road',9,3.84,4.65),(46049315,'NW31ED','Vale Of Health',8,3.84,4.65),(46049336,'NW11LB','Doric Way',3,4.83,5.87),(46049340,'NW11SS','Phoenix Road',2,4.83,5.87),(46049341,'NW11HB','Phoenix Road',1,4.83,5.87),(46049437,'NW10QG','St Pancras Way',2,4.83,5.87),(46049438,'NW10NT','St Pancras Way',4,4.83,5.87),(46049447,'NW10LB','Plender Street',9,4.83,5.87),(46049451,'NW11TU','Chalton Street',3,4.83,5.87),(46049452,'NW11NP','Chalton Street',4,4.83,5.87),(46049470,'NW10NY','St Pancras Way',5,4.83,5.87),(46049471,'NW10QG','St Pancras Way',4,4.83,5.87),(46049496,'NW11TA','Phoenix Road',4,4.83,5.87),(46049501,'NW12RS','Barnby Street',6,4.83,5.87),(46049503,'NW11AS','Aldenham Street',4,4.83,5.87),(46049507,'NW11QU','Chalton Street',5,4.83,5.87),(46049509,'NW11PA','Chalton Street',3,4.83,5.87),(46049513,'NW11PH','Cranleigh Street',7,4.83,5.87),(46049525,'NW11DB','Lancing Street',3,4.83,5.87),(46049529,'NW11LD','Drummond Crescent',2,4.83,5.87),(46049534,'NW11SP','Chalton Street',6,4.83,5.87),(46049536,'NW11QH','Polygon Road',3,4.83,5.87),(46049537,'NW11QA','Polygon Road',1,4.83,5.87),(46049539,'NW11QE','Werrington Street',6,4.83,5.87),(46049542,'NW11SY','Werrington Street',3,4.83,5.87),(46049543,'NW11QE','Werrington Street',4,4.83,5.87),(46049544,'NW11QD','Polygon Road',2,4.83,5.87),(46049550,'NW12AL','Chalton Street',4,4.83,5.87),(46049551,'NW11JD','Chalton Street',4,4.83,5.87),(46049552,'NW11JD','Chalton Street',3,4.83,5.87),(46049553,'NW11JB','Chalton Street',6,4.83,5.87),(46049554,'NW11HS','Chalton Street',3,4.83,5.87),(46049557,'NW11JJ','Ossulston Street',2,4.83,5.87),(46049559,'NW11JJ','Ossulston Street',4,4.83,5.87),(46049560,'NW11JJ','Ossulston Street',5,4.83,5.87),(46049564,'NW11DF','Ossulston Street',2,4.83,5.87),(46049565,'NW11EY','Ossulston Street',1,4.83,5.87),(46049570,'NW11HQ','Purchese Street',8,4.83,5.87),(46049575,'NW11UB','Goldington Street',3,4.83,5.87),(46049579,'NW11RD','Charrington Street',6,4.83,5.87),(46049589,'NW11RS','Charrington Street',9,4.83,5.87),(46049591,'N1C4DU','Granary Street',5,4.83,5.87),(46049592,'NW10DQ','Pratt Street',3,4.83,5.87),(46049593,'NW10TL','Baynes Street',6,4.83,5.87),(46049600,'NW10DT','Plender Street',5,4.83,5.87),(46049601,'NW10DL','Pratt Street',2,4.83,5.87),(46049602,'NW10DN','Pratt Street',4,4.83,5.87),(46049608,'NW10LE','Camden Street',3,4.83,5.87),(46049609,'NW10LE','Camden Street',3,4.83,5.87),(46049618,'NW10HN','Camden Street',2,4.83,5.87),(46049619,'NW10EG','Camden Street',2,4.83,5.87),(46049621,'NW10LB','Plender Street',2,4.83,5.87),(46049622,'NW10LB','Plender Street',3,4.83,5.87),(46049623,'NW10BG','Pratt Street',4,4.83,5.87),(46049627,'NW11TU','Chalton Street',4,4.83,5.87),(46049632,'NW10JW','Barker Drive',4,4.83,5.87),(46126603,'NW10SA','Royal College Street',7,4.83,5.87),(46126605,'NW10SD','Royal College Street',2,4.83,5.87),(46126628,'WC1E6BN','Gower Place',2,6.63,8.06),(46126629,'WC1H0AY','Gower Place',2,6.63,8.06),(46126634,'NW10XL','Camley Street',6,4.83,5.87),(46126636,'NW51TY','Lady Somerset Road',1,3.84,4.65),(46126752,'NW54DS','Queen\'s Crescent',3,3.84,4.65),(46126753,'NW54DS','Queen\'s Crescent',1,3.84,4.65),(46126754,'NW54DU','Queen\'s Crescent',3,3.84,4.65),(46126755,'NW54DU','Queen\'s Crescent',4,3.84,4.65),(46126918,'NW62AR','Sherriff Road',7,2.38,2.89),(46127053,'N195BZ','Chester Road',4,3.84,4.65),(46127138,'NW19NB','St Pancras Way',3,3.84,4.65),(46127155,'NW17PP','Parkway',4,4.83,5.87),(46127156,'WC1N3JL','Great Ormond Street',1,6.63,8.06),(46127180,'NW37UU','West Heath Road',17,3.84,4.65),(46127181,'NW37UX','West Heath Road',6,3.84,4.65),(46127321,'WC1N3HR','Great Ormond Street',1,6.63,8.06),(46127505,'NW54AA','Vicar\'s Road',5,3.84,4.65),(46127525,'EC1N8EB','Hatton Garden',6,6.63,8.06),(46127526,'EC1N8AN','Hatton Garden',12,6.63,8.06),(46127551,'NW64RB','Woodchurch Road',17,3.84,4.65),(46127559,'NW36YD','Frognal',4,3.84,4.65),(46127621,'WC2H8AN','Shaftesbury Avenue',9,6.63,8.06),(46127663,'NW51JB','Dartmouth Park Road',2,3.84,4.65),(46127668,'NW54AE','Vicar\'s Road',3,3.84,4.65),(46127670,'WC2B5NE','Macklin Street',1,6.63,8.06),(46127847,'N66NA','Merton Lane',3,3.84,4.65),(46127848,'N66NG','Merton Lane',6,3.84,4.65),(46127851,'N66NG','Merton Lane',7,3.84,4.65),(46127863,'NW17HP','Arlington Road',2,4.83,5.87),(46128065,'NW52DX','Caversham Road',2,3.84,4.65),(46128067,'NW52DX','Caversham Road',3,3.84,4.65),(46128069,'NW52DX','Caversham Road',2,3.84,4.65),(46128100,'WC1N2NZ','Northington Street',5,6.63,8.06),(46128101,'NW10BS','Bayham Street',7,4.83,5.87),(46128343,'WC1A2PJ','Bloomsbury Square',1,6.63,8.06),(46128344,'WC1A2QL','Bloomsbury Place',1,6.63,8.06),(46128434,'NW11UB','Goldington Street',5,4.83,5.87),(46128545,'NW51RT','Greenwood Place',3,3.84,4.65),(46128572,'NW34PG','Lambolle Place',2,3.84,4.65),(46128578,'NW35BA','Fitzjohn\'s Avenue',4,3.84,4.65),(46128580,'NW35AU','Daleham Gardens',4,3.84,4.65),(46128592,'NW53AU','Holmes Road',3,3.84,4.65),(46128599,'NW61NL','Mill Lane',8,2.38,2.89),(46128612,'NW10ND','Greenland Street',3,4.83,5.87),(46128636,'NW63HY','Goldhurst Terrace',3,3.84,4.65),(46128639,'WC1H0JZ','Woburn Place',2,6.63,8.06),(46128642,'WC2A3PD','Newman\'s Row',2,6.63,8.06),(46128644,'WC1R4RB','Red Lion Square',3,6.63,8.06),(46128820,'N66NB','Merton Lane',6,3.84,4.65),(46128938,'WC1H0DB','Bedford Way',4,8.39,8.39),(46129338,'WC1B3GH','Bedford Avenue',2,6.63,8.06),(46129345,'W1T5PF','Warren Street',3,6.63,8.06),(46129355,'W1T7NE','Grafton Way',10,6.63,8.06),(46129359,'WC1E6DH','Grafton Way',5,6.63,8.06),(46129408,'WC1E6DE','University Street',2,6.63,8.06),(46129471,'W1T1DL','Percy Street',7,6.63,8.06),(46129551,'WC1N3EW','Millman Street',2,6.63,8.06),(46129563,'NW53AT','Holmes Road',5,2.38,2.89),(46129733,'NW33SE','Elsworthy Rise',8,4.83,5.87),(46130160,'WC1N1PJ','Wakefield Street',1,6.63,8.06),(46130161,'WC1N1PJ','Wakefield Street',2,6.63,8.06),(46130169,'N70BT','Brecknock Road',3,3.84,4.65),(46130177,'NW19HX','Rochester Road',4,3.84,4.65),(46130195,'WC1R4BH','Princeton Street',3,6.63,8.06),(46130220,'NW61DT','Burrard Road',2,2.38,2.89),(46130227,'NW54JR','Southampton Road',3,3.84,4.65),(46130232,'NW37AS','Kidderpore Avenue',1,3.84,4.65),(46130234,'NW37AS','Kidderpore Avenue',2,3.84,4.65),(46130248,'NW17BJ','Oval Road',4,4.83,5.87),(46130298,'NW62HL','Iverson Road',2,2.38,2.89),(46130300,'NW62HL','Iverson Road',5,2.38,2.89),(46130308,'NW52AD','Gaisford Street',2,3.84,4.65),(46130414,'NW52AE','Patshull Road',1,3.84,4.65),(46130416,'NW52LB','Patshull Road',1,3.84,4.65),(46130434,'NW12HX','Stephenson Way',4,4.83,5.87),(46130435,'NW12NJ','North Gower Street',3,4.83,5.87),(46130460,'W1T5NX','Warren Street',1,6.63,8.06),(46130560,'WC1N2LF','Guilford Street',1,6.63,8.06),(46130566,'WC1N2DL','John Street',1,6.63,8.06),(46130568,'EC1N8XA','Saffron Hill',2,6.63,8.06),(46130570,'WC1X0HF','Pakenham Street',3,6.63,8.06),(46130575,'WC1H8BG','St Chad\'s Street',2,6.63,8.06),(46130751,'WC1N1LX','Grenville Street',2,6.63,8.06),(46130753,'WC1N1DG','Grenville Street',4,6.63,8.06),(46130934,'NW53LY','Prince Of Wales Road',4,3.84,4.65),(46130946,'NW53LT','Prince Of Wales Road',6,3.84,4.65),(46131092,'N66DU','Swain\'s Lane',1,3.84,4.65),(46131128,'NW32QP','Parkhill Road',5,3.84,4.65),(46131131,'WC1X0BD','Gough Street',2,6.63,8.06),(46131254,'W1T4JB','Tottenham Street',2,6.63,8.06),(46131257,'WC1R4NA','Red Lion Street',1,6.63,8.06),(46131271,'W1T1DQ','Percy Street',3,6.63,8.06),(46131275,'WC1B3NB','Great Russell Street',1,6.63,8.06),(46131277,'WC1B3RY','Great Russell Street',4,6.63,8.06),(46131296,'WC1H0EG','Endsleigh Gardens',1,6.63,8.06),(46131298,'WC1N3HR','Queen Square',3,6.63,8.06),(46131308,'WC1X8NW','Theobald\'s Road',2,6.63,8.06),(46131310,'WC1E7PA','Chenies Street',6,6.63,8.06),(46131373,'WC1X0HA','Wren Street',8,6.63,8.06),(46131396,'NW32DG','Fleet Road',3,3.84,4.65),(46131500,'W1T5PG','Warren Street',3,6.63,8.06),(46131507,'W1T5NE','Warren Street',2,6.63,8.06),(46131512,'W1T6AG','Warren Street',2,6.63,8.06),(46131576,'NW13DE','Osnaburgh Street',8,4.83,5.87),(46131585,'NW11BA','Eversholt Street',1,4.83,5.87),(46131586,'NW11BE','Eversholt Street',9,4.83,5.87),(46131588,'NW10PT','St Pancras Way',5,4.83,5.87),(46131589,'NW10PT','St Pancras Way',2,4.83,5.87),(46131590,'NW10PT','St Pancras Way',1,4.83,5.87),(46131592,'NW10QX','St Pancras Way',2,4.83,5.87),(46131600,'NW13FF','Drummond Street',1,4.83,5.87),(46131606,'NW10XF','Camley Street',6,4.83,5.87),(46131608,'NW11UA','Goldington Crescent',6,4.83,5.87),(46131610,'NW13JT','Robert Street',6,4.83,5.87),(46131612,'NW12JH','Harrington Square',2,4.83,5.87),(46131616,'NW17RX','Albert Street',4,4.83,5.87),(46131617,'NW17QE','Mornington Street',4,4.83,5.87),(46131618,'NW17HU','Mornington Street',2,4.83,5.87),(46131619,'NW17RW','Mornington Place',4,4.83,5.87),(46131623,'NW17NR','Albert Street',4,4.83,5.87),(46131624,'NW17NR','Albert Street',4,4.83,5.87),(46131698,'WC1E6DE','University Street',6,6.63,8.06),(46131702,'WC1E6AG','Huntley Street',1,6.63,8.06),(46131711,'NW18EH','Chalk Farm Road',3,3.84,4.65),(46131712,'NW18QJ','Crogsland Road',5,3.84,4.65),(46131713,'NW18HJ','Belmont Street',5,3.84,4.65),(46131714,'NW18HJ','Belmont Street',5,3.84,4.65),(46131715,'NW18ES','Ferdinand Street',7,3.84,4.65),(46131716,'NW18ED','Ferdinand Street',5,3.84,4.65),(46131717,'NW18DN','Harmood Street',2,3.84,4.65),(46131719,'NW18DN','Harmood Street',4,3.84,4.65),(46131721,'NW18DA','Hartland Road',3,3.84,4.65),(46131722,'NW18AG','Hawley Street',3,3.84,4.65),(46131802,'WC1E7ET','Chenies Street',1,6.63,8.06),(46131803,'WC1E7AP','Chenies Street',2,6.63,8.06),(46131816,'WC1H8JJ','Harrison Street',2,6.63,8.06),(46131911,'WC1N2JU','North Mews',1,6.63,8.06),(46132158,'NW52AP','Sandall Road',6,3.84,4.65),(46132164,'NW19EX','Rochester Road',1,3.84,4.65),(46132168,'NW52EA','Gaisford Street',5,3.84,4.65),(46132174,'NW18NS','Buck Street',1,4.83,5.87),(46132179,'NW18QU','Castlehaven Road',1,4.83,5.87),(46132182,'NW19PE','Bonny Street',6,4.83,5.87),(46132200,'NW32EN','Lawn Road',3,3.84,4.65),(46132240,'NW34AX','Belsize Terrace',2,3.84,4.65),(46132249,'NW33RA','Lower Merton Rise',1,4.83,5.87),(46132264,'NW32JL','Southampton Road',5,3.84,4.65),(46132290,'NW11TN','Crowndale Road',3,4.83,5.87),(46132416,'NW54EG','Queen\'s Crescent',3,3.84,4.65),(46132417,'NW54EG','Queen\'s Crescent',4,3.84,4.65),(46132420,'NW19GP','Agar Grove',4,3.84,4.65),(46132422,'NW19SY','Agar Grove',2,3.84,4.65),(46132435,'NW52AA','Frideswide Place',2,3.84,4.65),(46132436,'NW52TU','Islip Street',2,3.84,4.65),(46132438,'NW52UA','Islip Street',5,3.84,4.65),(46132439,'NW52EN','Islip Street',2,3.84,4.65),(46132441,'NW52EN','Islip Street',2,3.84,4.65),(46132450,'NW52TU','Hammond Street',4,3.84,4.65),(46132452,'NW52TU','Hammond Street',5,3.84,4.65),(46132454,'NW52EL','Hammond Street',3,3.84,4.65),(46132775,'NW37AS','Kidderpore Avenue',8,3.84,4.65),(46132780,'NW37AS','Kidderpore Avenue',3,3.84,4.65),(46132782,'NW37AS','Kidderpore Avenue',2,3.84,4.65),(46132871,'NW17LD','Arlington Road',3,4.83,5.87),(46132873,'NW17ES','Arlington Road',4,4.83,5.87),(46132883,'NW32RJ','Downshire Hill',1,4.83,5.87),(46132888,'NW31QB','Hampstead High Street',1,4.83,5.87),(46132890,'NW51QR','Highgate Road',17,3.84,4.65),(46132894,'NW36TX','Holly Bush Vale',1,4.83,5.87),(46132904,'N66JH','Millfield Lane',2,3.84,4.65),(46132908,'NW31JE','New End',5,3.84,4.65),(46132913,'NW31PD','Rosslyn Hill',5,4.83,5.87),(46132917,'NW32QD','South Hill Park',2,4.83,5.87),(46132918,'N66AG','Swain\'s Lane',1,3.84,4.65),(46132920,'N66EX','Swain\'s Lane',1,3.84,4.65),(46132924,'NW31BT','Well Walk',7,3.84,4.65),(46132928,'NW54DX','Weedington Road',4,3.84,4.65),(46132948,'NW11JJ','Ossulston Street',1,4.83,5.87),(46133035,'WC1H9EN','Cartwright Gardens',3,6.63,8.06),(46133048,'NW61DF','Fortune Green Road',4,2.38,2.89),(46133052,'NW61UY','Fawley Road',2,3.84,4.65),(46133061,'NW36UR','Church Row',3,4.83,5.87),(46133063,'NW36YD','Frognal',2,3.84,4.65),(46133067,'NW37BR','Kidderpore Avenue',1,3.84,4.65),(46133075,'NW61LJ','West End Lane',2,3.84,4.65),(46133083,'NW64PR','Kingsgate Road',1,2.38,2.89),(46133086,'NW65RP','Kilburn Priory',2,3.84,4.65),(46133090,'NW64JP','Messina Avenue',4,2.38,2.89),(46133103,'NW63SG','Fairhazel Gardens',4,3.84,4.65),(46133132,'NW10SP','Randolph Street',1,4.83,5.87),(46133248,'NW32QX','Fleet Road',5,3.84,4.65),(46133260,'WC1H9NP','Bidborough Street',3,6.63,8.06),(46133262,'NW64DT','Belsize Road',2,3.84,4.65),(46133272,'NW31DU','Hampstead Grove',4,3.84,4.65),(46133274,'NW31DU','Hampstead Grove',4,3.84,4.65),(46133282,'NW63QE','Fairhazel Gardens',5,3.84,4.65),(46133291,'W1T1LW','Stephen Street',1,6.63,8.06),(46133300,'WC1H0AH','Gordon Street',3,6.63,8.06),(46133371,'NW52NL','Ospringe Road',4,3.84,4.65),(46133409,'NW14DJ','Redhill Street',2,4.83,5.87),(46133410,'NW14DJ','Redhill Street',4,4.83,5.87),(46133419,'NW53LA','Prince Of Wales Road',6,3.84,4.65),(46133443,'NW52AG','Kentish Town Road',6,3.84,4.65),(46133465,'NW17PX','Park Village East',3,4.83,5.87),(46133484,'NW34SN','Eton Road',3,3.84,4.65),(46133485,'NW34SN','Eton Road',2,3.84,4.65),(46133486,'NW34SN','Eton Road',2,3.84,4.65),(46133488,'NW34RJ','Steele\'s Road',1,3.84,4.65),(46133490,'NW34RP','England\'s Lane',4,3.84,4.65),(46133496,'NW34RU','Upper Park Road',2,3.84,4.65),(46133500,'NW34TX','Belsize Grove',3,3.84,4.65),(46133501,'NW34QS','Howitt Road',2,3.84,4.65),(46133516,'WC1N3DA','Great James Street',3,6.63,8.06),(46133518,'NW23TW','St Cuthbert\'s Road',7,2.38,2.89),(46133520,'NW23QJ','St Cuthbert\'s Road',5,2.38,2.89),(46133587,'NW31QW','Gayton Road',1,4.83,5.87),(46133603,'NW33DR','Lower Merton Rise',6,4.83,5.87),(46133677,'NW51SP','York Rise',4,3.84,4.65),(46133692,'NW33AY','Primrose Hill Road',27,4.83,5.87),(46133694,'NW18UG','Regent\'s Park Road',23,4.83,5.87),(46133695,'NW18UG','Regent\'s Park Road',1,4.83,5.87),(46133883,'NW61JD','Alvanley Gardens',3,3.84,4.65),(46133885,'NW36HJ','Alvanley Gardens',22,3.84,4.65),(46133900,'NW11PS','Aldenham Street',5,4.83,5.87),(46133904,'W1T5BS','Fitzroy Street',1,6.63,8.06),(46133927,'NW13HP','Drummond Street',2,4.83,5.87),(46133977,'NW18XP','Regent\'s Park Road',2,4.83,5.87),(46133992,'WC1B5JT','Bedford Place',5,6.63,8.06),(46133993,'WC1R4PF','Red Lion Street',2,6.63,8.06),(46134026,'NW18UR','Regent\'s Park Road',2,4.83,5.87),(46134027,'NW18XP','Regent\'s Park Road',11,4.83,5.87),(46134036,'NW51JY','Greenwood Place',3,3.84,4.65),(46134124,'WC1E7AS','Ridgmount Gardens',2,6.63,8.06),(46134163,'NW63BQ','Broadhurst Gardens',4,3.84,4.65),(46134166,'NW33NR','Winchester Road',5,3.84,4.65),(46134177,'WC1R4RB','Red Lion Square',1,6.63,8.06),(46134212,'NW61NR','Mill Lane',3,2.38,2.89),(46134292,'NW23TW','St Cuthbert\'s Road',5,2.38,2.89),(46134310,'NW34LB','Belsize Park Gardens',4,3.84,4.65),(46134349,'NW17LG','Arlington Road',3,4.83,5.87),(46134368,'EC1N7UU','Portpool Lane',3,6.63,8.06),(46134495,'NW33AJ','Erskine Road',1,4.83,5.87),(46134498,'NW18UT','Erskine Road',1,4.83,5.87),(46134504,'NW18XL','Regent\'s Park Road',5,4.83,5.87),(46134506,'NW18XL','Regent\'s Park Road',6,4.83,5.87),(46134513,'NW18UY','Regent\'s Park Road',4,4.83,5.87),(46134516,'NW18UR','Regent\'s Park Road',5,4.83,5.87),(46134517,'NW18XN','Regent\'s Park Road',15,4.83,5.87),(46134522,'WC2B5AZ','Great Queen Street',4,6.63,8.06),(46134528,'NW37AS','Kidderpore Avenue',2,4.83,5.87),(46134564,'NW65RP','Kilburn Priory',4,3.84,4.65),(46134579,'WC1H9AR','Flaxman Terrace',3,6.63,8.06),(46134580,'WC1X8WB','Harpur Street',3,6.63,8.06),(46134584,'EC1N8TS','Kirby Street',2,6.63,8.06),(46134586,'EC1N8TS','Kirby Street',2,6.63,8.06),(46134591,'NW33AJ','Erskine Road',2,4.83,5.87),(46134593,'NW33AJ','Erskine Road',4,4.83,5.87),(46134594,'NW10QS','Lyme Street',1,4.83,5.87),(46134597,'NW19PW','Jeffrey\'s Street',1,4.83,5.87),(46134604,'NW11EX','Ossulston Street',5,4.83,5.87),(46134627,'NW51PA','Highgate Road',3,3.84,4.65),(46134727,'W1T6PQ','Cleveland Street',1,6.63,8.06),(46134730,'NW33DG','Primrose Hill Road',3,4.83,5.87),(46134733,'NW13RG','Varndell Street',3,4.83,5.87),(46134750,'WC2H8NJ','Denmark Street',3,6.63,8.06),(46134804,'NW63AU','Broadhurst Gardens',2,3.84,4.65),(46134821,'NW35RY','Maresfield Gardens',6,3.84,4.65),(46134827,'NW62JH','Kingsgate Road',2,2.38,2.89),(46134830,'NW18QD','Castlehaven Road',2,3.84,4.65),(46134832,'NW18QB','Castlehaven Road',4,3.84,4.65);
/*!40000 ALTER TABLE `parking` ENABLE KEYS */;
UNLOCK TABLES;

--
-- Table structure for table `user`
--

DROP TABLE IF EXISTS `user`;
/*!40101 SET @saved_cs_client     = @@character_set_client */;
/*!50503 SET character_set_client = utf8mb4 */;
CREATE TABLE `user` (
  `u_id` int NOT NULL AUTO_INCREMENT,
  `first_name` varchar(30) DEFAULT NULL,
  `last_name` varchar(30) DEFAULT NULL,
  `user_name` varchar(30) DEFAULT NULL,
  `password` varchar(30) DEFAULT NULL,
  `date_of_birth` date DEFAULT NULL,
  `email` varchar(30) DEFAULT NULL,
  `street_name` varchar(30) DEFAULT NULL,
  `account_balance` float DEFAULT NULL,
  `postcode` varchar(7) DEFAULT NULL,
  PRIMARY KEY (`u_id`)
) ENGINE=InnoDB AUTO_INCREMENT=1406 DEFAULT CHARSET=utf8mb4 COLLATE=utf8mb4_0900_ai_ci;
/*!40101 SET character_set_client = @saved_cs_client */;

--
-- Dumping data for table `user`
--

LOCK TABLES `user` WRITE;
/*!40000 ALTER TABLE `user` DISABLE KEYS */;
INSERT INTO `user` VALUES (1006,'Christopher','Lopez','pPlgRSuD86','H61dAZ2sWY','1977-07-07','W4YpIXsZm7@gmail.com','High Street',1000,'Yxla7i'),(1007,'Mark','Hernandez','DZwT926QbO','BAG08wQyjJ','1991-07-18','keZrthaoJS@gmail.com','Lakeview Drive',1000,'1L42wE'),(1008,'Robert','Jackson','92WhVpAOxt','pty0HI5sQi','1979-07-29','fJpKPFbI3Q@gmail.com','Walnut Street',959.325,'j6h9l2'),(1009,'Mark','Martinez','CyFoV9NY7g','BS8A3p59H0','1969-08-04','TmpkDEUsNF@gmail.com','Hillcrest Road',1000,'tSEHV4'),(1010,'Anthony','Jackson','0gnpdXD2wV','rdSh4basRe','1975-12-13','R9LeHU3DCW@gmail.com','Maple Avenue',1000,'4LMX2J'),(1011,'William','Thomas','bLuMxvNmgZ','56xtncYeEG','1972-03-07','GSkZu9jpag@gmail.com','Sunset Boulevard',725.797,'zNfkGl'),(1012,'Thomas','Garcia','iM7anuJTzK','hRsaXdKpov','1980-11-07','JM48VPYuyI@gmail.com','Pine Street',794.955,'zP8qOA'),(1013,'Anthony','Williams','jn7DsiUSgh','5KC0pdlWL2','1983-09-19','kzEbesItQx@gmail.com','Sunset Boulevard',1000,'8tojlv'),(1014,'Joseph','Jones','VI4e82riTY','9JcgsuPIVo','1980-01-26','y0wb4hGQfd@gmail.com','Maple Avenue',915.862,'v85SQ3'),(1015,'Andrew','Davis','jAKsPSOoCU','fZPMxSrnJG','1995-07-03','C7XdeSWwIp@gmail.com','Riverside Drive',1000,'mAKY5G'),(1016,'Andrew','Jones','7eUVtvhliH','cFyj7zaINb','1971-04-01','IlMmpgv7G8@gmail.com','Park Avenue',848.707,'mrHUIO'),(1017,'David','Smith','hjBrZlvga0','8QvWo1Tl6e','1986-11-27','ytHNKoCUZB@gmail.com','Springfield Road',956.063,'shCGvQ'),(1018,'Charles','Rodriguez','GfxMR61Kri','q1hHSmA5s7','1987-08-25','MeRhtZYlgU@gmail.com','Hillcrest Road',951.231,'GINyF5'),(1019,'Charles','Thomas','NQpnE1fdg7','tPqn8m7XDN','1996-05-09','PudLZexBz1@gmail.com','Main Street',730.755,'F01urt'),(1020,'Donald','Hernandez','WAsxYnXBJI','vAxg1NHUCo','1994-10-12','USedEomKQg@gmail.com','Walnut Street',831.443,'BzWIMN'),(1021,'Anthony','Miller','4Un1eJjgi6','WyEfmHQGCw','1981-09-15','wOcKu36xP1@gmail.com','High Street',872.39,'cgxIyt'),(1022,'Anthony','Hernandez','TrPjog2pYH','HW6I4CxdlR','1971-01-07','CiQKo5Ezdj@gmail.com','Broadway',768.276,'yiZaEf'),(1023,'Michael','Wilson','jTJC9vDq7E','FxUADvTfK7','1981-12-22','V8uD2gnBqc@gmail.com','Willow Lane',833.255,'i8gfyW'),(1024,'Richard','Smith','gVAo4pQtT6','NDWcymh9T8','1993-05-16','WyZtNe5zfF@gmail.com','Cedar Lane',901.071,'hOb65G'),(1025,'Michael','Jones','L71CeYoDw4','KhWnROE9Zf','1985-12-17','gGn81tv3xC@gmail.com','Elm Street',774.942,'o1IAml'),(1026,'Charles','Thomas','TD3fO4RSI5','x4Oq73hn8o','1970-03-27','M9lufHcZoW@gmail.com','Main Street',864.663,'2IScep'),(1027,'Steven','Jones','iMVzjac1GT','zSiZrYO0uC','1983-01-29','SV7NxrKsHC@gmail.com','Riverside Drive',1000,'EueTMk'),(1028,'John','Jones','fKWhlMJcqS','qwshHkLrUV','1971-02-06','mSLp5CwdDq@gmail.com','Orchard Road',1000,'FCdhg2'),(1029,'Paul','Anderson','qiZQn3dAc8','2Ff35JCvk0','1995-03-20','7MuGYbPhOV@gmail.com','Riverside Drive',777.008,'2loqWf'),(1030,'Anthony','Brown','M8HYb3oFdp','I69SdDvKhL','1995-05-08','EmksuiF90D@gmail.com','Forest Drive',751.214,'n8juqM'),(1031,'Robert','Jackson','E1iLWmA8Jf','OuR6kmXYIT','1972-03-07','C6la3WK0fY@gmail.com','Walnut Street',1000,'B95sQM'),(1032,'Christopher','Brown','b3O2tX01mi','pnBlkY1Wmv','1983-03-01','omWnO0pIx8@gmail.com','Broadway',844.204,'dUnEbR'),(1033,'Charles','Rodriguez','Xb8ysRwa9t','ojWiKA0wFR','1985-07-19','p6MTgY1KCH@gmail.com','Oak Lane',922.119,'gQ6Xlb'),(1034,'Andrew','Thomas','dubWUQz3n7','Qz4r2Lbj0E','1980-06-08','V0gbGJ5kcB@gmail.com','High Street',895.96,'PenCWQ'),(1035,'Joseph','Miller','BOlZD1NCGu','uqWpTL5Vy3','1981-03-25','Ds32kyqnWz@gmail.com','Broadway',1000,'jMJYD1'),(1036,'William','Thomas','r3b79XOFyR','m7gSrZTWHp','1985-12-07','pNJOx9gLkd@gmail.com','Cedar Lane',1000,'m0MzlW'),(1037,'Steven','Davis','vF0XoIj2tN','lO6YSr5fLM','1991-11-23','Ngr7O0aJ8f@gmail.com','Park Avenue',908.524,'6gOv1K'),(1038,'Anthony','Rodriguez','74wpH2IuoL','JdRyUrulKQ','1977-05-27','8Yx4XiESKv@gmail.com','Cedar Lane',867.474,'tCS6pU'),(1039,'William','Anderson','eJASiMg9Yh','IDPHLcCNwj','1972-06-21','bWc3Refz7A@gmail.com','Forest Drive',1000,'fR4OSX'),(1040,'William','Johnson','j7QdlYILFD','EZ1D9gyeIW','1980-09-07','jR6ChdgFw3@gmail.com','Pine Street',1000,'jGWpCn'),(1041,'Donald','Miller','rY6DJGKSAp','rupa7nYBEQ','1987-10-06','q5WUSagYPK@gmail.com','Park Avenue',968.67,'CN2IuG'),(1042,'David','Rodriguez','oVMiqQ7rfY','cGWxBjJqby','1985-09-22','Ei2AuKMRZ6@gmail.com','Riverside Drive',952.109,'pROKWV'),(1043,'John','Moore','2wg3N7hYqj','ykaY1Kj2ti','1974-12-14','LMhyExOCWu@gmail.com','Pine Street',889.231,'73ojQZ'),(1044,'Donald','Jackson','yFBs9Wzoiv','Qm24eHARno','1973-03-06','j9u8IDSAVm@gmail.com','Walnut Street',1000,'0lfo9G'),(1045,'William','Lopez','jgbAYp789q','nZsSAY7v05','1971-07-25','BpUew8v3PQ@gmail.com','Springfield Road',1000,'xEPNWT'),(1046,'Daniel','Miller','J8FWux9gIn','kqHpAVFeWG','1979-10-04','K3lFP8Yyeu@gmail.com','Forest Drive',1000,'U5INea'),(1047,'Charles','Miller','uZUTVDFjLf','DbjYnI2Vtk','1970-11-29','5nOB3cG8pv@gmail.com','Forest Drive',885.313,'jwLBFW'),(1048,'Matthew','Gonzalez','wMKYDqxm6a','A5qJ7vYO9Z','1995-12-24','cQyubm4DYx@gmail.com','Springfield Road',959.486,'px1viF'),(1049,'Anthony','Williams','wj6zmkQWdP','3uZjeUJtEd','1970-03-23','0vatQq9irf@gmail.com','Park Avenue',1000,'NeDglG'),(1050,'Robert','Lopez','hFCyXMI6qo','RH3oqWcDpN','1972-01-21','vSGPea8Lgj@gmail.com','Pine Street',1000,'IyLon2'),(1051,'Daniel','Hernandez','0pRWoObsBG','GdwUQe8puS','1989-09-25','SlBCzixe3y@gmail.com','Broadway',1000,'dlX0bo'),(1052,'Matthew','Thomas','HmiBlvoaUr','Q6HfK7cM9d','1980-10-10','fGCZ7Sm9XW@gmail.com','Cherry Lane',1000,'SRXUyg'),(1053,'David','Jackson','u9bCSRkzh8','LSio9JNZ0g','1973-10-22','1wceh7ApiG@gmail.com','Forest Drive',1000,'34zpDU'),(1054,'Joseph','Hernandez','5HnR0N9TZM','AHGUwLJ0ni','1982-10-05','P2OwZba50Y@gmail.com','Walnut Street',819.643,'RxvNSY'),(1055,'Richard','Wilson','HRzYm3Vcxy','dSNAsMl6ob','1995-11-18','JnlK9tf5gU@gmail.com','Broadway',1000,'o8BfSi'),(1056,'Joshua','Thomas','PRKgyq8AJe','X3opMi2QmG','1973-08-08','NrXucPOjEU@gmail.com','Elm Street',920.885,'B1AJa6'),(1057,'David','Rodriguez','KbVq1iFoSD','2Cvqcospt1','1987-03-30','PUjABMXGa1@gmail.com','Orchard Road',932.649,'AvByaS'),(1058,'Robert','Jones','p9IyKmlsUq','pkW76SABjD','1986-01-19','cr0e9UNjnO@gmail.com','Main Street',1000,'asbIhq'),(1059,'Christopher','Miller','KnEZjCNysk','7Glx2prkKe','1992-07-13','PWwuLrx5Oz@gmail.com','Pine Street',914.838,'Eg4WJF'),(1060,'Paul','Wilson','4U39nTiLcb','rsSgmjbJuq','1977-12-25','GLgz3kOHRW@gmail.com','Meadow Lane',1000,'ItBOzf'),(1061,'Anthony','Martin','ivw8LDbRzG','aPT3veglj0','1978-11-26','kcrnouOUvP@gmail.com','Meadow Lane',970.31,'aMZyb9'),(1062,'Andrew','Davis','P4hwcxEauT','FBYHd7ga43','1994-09-23','WlhCiyGDuF@gmail.com','Broadway',1000,'v7egyk'),(1063,'Mark','Garcia','j8SBipl7fx','7m9weTH0EC','1991-03-14','Zuwexnjk9T@gmail.com','Hillcrest Road',1000,'DQt60w'),(1064,'Matthew','Hernandez','BS1wsGQVtj','XJCzKqMTSB','1995-05-17','1moAQNWP8O@gmail.com','Cherry Lane',1000,'jQswbW'),(1065,'Richard','Martin','dn2BwkyLtO','02876gb4ZQ','1988-09-27','bJpWHKj85t@gmail.com','Walnut Street',915.977,'QID7Z6'),(1066,'John','Anderson','5nQRPa6bmc','gNeVlMAJk9','1990-03-17','quvot7ASmM@gmail.com','Cherry Lane',893.321,'8fNwnT'),(1067,'Robert','Lopez','HSz1kMiV6Q','oMQBJiEjO3','1986-05-16','ypin56bKrt@gmail.com','Maple Avenue',803.963,'Mus59b'),(1068,'Michael','Gonzalez','p5fbtBkqGK','R4YcQaS0Pf','1977-01-31','NQAqm6DXde@gmail.com','Park Avenue',866.971,'Pyb0Af'),(1069,'David','Davis','fIzVWpSuUG','4kpc2KZrfV','1980-09-29','62Q5a1ZD4r@gmail.com','Maple Avenue',1000,'iXSUN9'),(1070,'Robert','Taylor','somO9vcKYu','6wh1XJyUqA','1978-03-20','kLASrlPTz9@gmail.com','Elm Street',897.477,'AmTz9E'),(1071,'Thomas','Rodriguez','oUtf6zVhSx','V6lX74yNzp','1973-02-11','txzMjS0dpG@gmail.com','Riverside Drive',956.8,'ZoFLvs'),(1072,'Michael','Hernandez','O7GoQ1VDaU','fxG2WvXPMt','1970-08-26','s1t42eUZlW@gmail.com','Walnut Street',823.235,'4LEl6B'),(1073,'Mark','Rodriguez','cEsxMntST2','H2gn4tWmJp','1992-11-27','wPBGInuAmj@gmail.com','Cedar Lane',1000,'eIGLTt'),(1074,'Joseph','Jackson','7iLrwEtJT2','9RsTMVlJny','1981-04-23','O7bE6AlY04@gmail.com','Park Avenue',762.359,'gh7f03'),(1075,'Charles','Davis','UcJrsSCMQ4','MLC1msc6ao','1980-03-04','XwaLOrdUHW@gmail.com','Forest Drive',977.777,'4gDcVZ'),(1076,'Thomas','Lopez','lMytxAHwdS','7YPRwdNQmX','1989-04-09','KIaHFBMEbU@gmail.com','Elm Street',946.423,'BnvEHu'),(1077,'Robert','Smith','PS9kB5fdIO','enJCRauWgL','1971-05-11','iQBex5RacS@gmail.com','Main Street',890.308,'eHXY8j'),(1078,'Anthony','Johnson','bY1cCNi3uh','8KkIjqpocX','1982-10-22','sLG5BjgrEh@gmail.com','Sunset Boulevard',715.223,'I4Gjxg'),(1079,'Joshua','Brown','uDtOrxn1ZW','pf8rvBDXGj','1996-05-30','HujRlnexE3@gmail.com','Hillcrest Road',886.211,'wTJzcD'),(1080,'John','Williams','QCWF6xAnq9','aAYEoKSZfP','1969-07-14','juL4cZ7pVP@gmail.com','Hillcrest Road',1000,'FyEzBW'),(1081,'Donald','Thomas','HAlT4My6zX','ZHyjYSrU2A','1995-04-05','biALQl8ufI@gmail.com','Main Street',899.148,'Or3jNh'),(1082,'James','Hernandez','gHCcGOKZAx','ag523d8EtD','1972-09-25','8chbd3IJxl@gmail.com','Hillcrest Road',1000,'pN2C01'),(1083,'Richard','Smith','Tj6Xrb4vVk','WRNFknLVdp','1981-12-06','42ekD3w6Xf@gmail.com','Riverside Drive',919.257,'wszGOd'),(1084,'Steven','Taylor','PMRkmtSHod','lInxBdiTk4','1983-03-11','ydAeVwb35Q@gmail.com','Springfield Road',1000,'T2cBEC'),(1085,'Robert','Moore','pPvywIYx2d','CDNzy8s6XT','1982-08-17','12UnIFKMyS@gmail.com','Hillcrest Road',1000,'Kvy6se'),(1086,'John','Taylor','1FHn9CKX4G','T5IwKQ70lR','1976-07-29','fzbISZh2lm@gmail.com','Orchard Road',893.475,'RPGexE'),(1087,'Charles','Smith','Wklp2J3zgF','aNWnwmXKDo','1979-03-10','IpTU8tkvWb@gmail.com','Elm Street',985.786,'gwMBZk'),(1088,'Steven','Lopez','Af3p28wsHR','oQ4mK8ZcPH','1993-09-21','eT3nDRjB0X@gmail.com','Walnut Street',834.99,'U24m0w'),(1089,'Mark','Lopez','SmqQhw9Zb7','Q01BUWPtxp','1987-02-20','RgZjBDTHmK@gmail.com','Broadway',1000,'h0kice'),(1090,'James','Brown','jgKuhnZLI0','fsOETYyLHB','1984-07-23','TfHYboP8dz@gmail.com','Lakeview Drive',812.943,'cy52h4'),(1091,'Joshua','Rodriguez','OodD6mzNrR','M3KEDITUpX','1978-08-19','NMGyS8Oipk@gmail.com','Cherry Lane',1000,'VuNlte'),(1092,'Daniel','Miller','UKmhTpq9Wz','bje5JgZY7X','1994-06-27','mjq7XVHhDz@gmail.com','Main Street',752.769,'mirJtu'),(1093,'Charles','Jackson','0YfN7DKjxk','N9dFx1iKYg','1970-12-19','i7roW2vJRD@gmail.com','Walnut Street',1000,'ru6HCF'),(1094,'John','Thomas','dIbS0UOuz1','SyYWeic5Zl','1975-02-18','lcDICb2uHr@gmail.com','Willow Lane',971.169,'INcm8y'),(1095,'Mark','Brown','3gY8SyucsO','fq9bZhX450','1977-01-25','xQ6jPFn9Uf@gmail.com','Willow Lane',1000,'D9XvFa'),(1096,'William','Anderson','NoI0pVPT7Y','8vMYL1TkOl','1974-11-24','NBEhXJSoIu@gmail.com','High Street',879.868,'TxDClu'),(1097,'Joseph','Jackson','p7nU0Fv4Zy','hjzo8bQgrx','1995-06-07','gkhXZcHVCa@gmail.com','Sunset Boulevard',1000,'qWC3MO'),(1098,'Matthew','Martin','YXJ8VuCeAp','Fms9EgSkYf','1991-09-17','l26tXhoSIR@gmail.com','Cedar Lane',801.653,'UMqcCV'),(1099,'William','Taylor','s5CAjVIvfb','pxXWqvO9hr','1972-11-26','dfIVPKtMUZ@gmail.com','Oak Lane',1000,'14f9tr'),(1100,'Andrew','Garcia','OqGd2nDWhp','pgC6M3jBmf','1979-08-17','QUFDGydaVc@gmail.com','Walnut Street',1000,'HsXIok'),(1101,'William','Jones','cW4RqlVZDs','V6HNJQvt2e','1973-01-15','yg6DCE3neP@gmail.com','Elm Street',886.877,'oxrpdR'),(1102,'Joshua','Williams','Z8ApeYimc4','5bgTCAF1pJ','1976-06-12','EU9BGLCSAI@gmail.com','Pine Street',1000,'Cx0gka'),(1103,'James','Moore','N6vHCpAzb0','EhTluIUr0K','1987-11-25','GwVRI5eXCn@gmail.com','Lakeview Drive',898.005,'MAbDCs'),(1104,'Matthew','Miller','gIRwjl3hE0','eU7pWuHcCk','1973-05-19','F2bBDMsRSL@gmail.com','Broadway',971.668,'ODmnvk'),(1105,'Joshua','Gonzalez','5jB4iP7UrF','NKG9OWeUuh','1993-04-29','TWiUaxtBGv@gmail.com','Cherry Lane',878.378,'RK12bk'),(1106,'Anthony','Miller','yRZaHAuBkV','aZeXc2pYTV','1990-11-27','94NC0W7gZh@gmail.com','Maple Avenue',1000,'5hsvUj'),(1107,'David','Smith','5wRKoT9hlm','cELnZNDvjq','1973-11-30','QbCBfDjYyl@gmail.com','Forest Drive',1000,'gPAOEk'),(1108,'Joseph','Jones','psdLzOqhUw','xFSJbDkVY7','1984-01-09','Ojw1NozQ46@gmail.com','Maple Avenue',957.958,'ihAEQx'),(1109,'Michael','Anderson','zKIuxERpF2','Iaj4HVPnur','1972-04-28','PkCXVqzBso@gmail.com','Springfield Road',795.784,'tswSZr'),(1110,'David','Taylor','yAbPENGxcF','7PX1upCVKe','1979-10-25','htKEF4rO1b@gmail.com','Lakeview Drive',1000,'QDFk0O'),(1111,'Thomas','Williams','r03e9KfIsm','LrSEPI4hdn','1983-06-21','L0eGC8YPB9@gmail.com','Springfield Road',935.587,'fomHQ6'),(1112,'Thomas','Brown','8SlebvjC3T','tzMLTJxqoA','1976-09-23','dYTQSiJOXP@gmail.com','Elm Street',1000,'y31KRT'),(1113,'John','Rodriguez','ZtdcKsvT3n','2twpFMiqP7','1984-07-12','FDwfIi3X5b@gmail.com','Forest Drive',883.789,'2dvjk9'),(1114,'William','Rodriguez','LQipaqcyEw','A93igbmrMz','1980-03-15','Q15UAjiRPM@gmail.com','Broadway',925.164,'GXhUcT'),(1115,'Joshua','Lopez','u87hl36ps1','eN0YaMJrZ1','1995-04-26','cXSlMfkptY@gmail.com','Cherry Lane',757.147,'YBAIis'),(1116,'Thomas','Hernandez','HdRofSmIAv','y3AJgOQ7Zh','1977-12-01','K7qXIbcsOH@gmail.com','Maple Avenue',841.099,'BaHto1'),(1117,'Charles','Lopez','eds0FfCgbL','HdW4gAKRDq','1980-09-18','SrFdEwYyLu@gmail.com','Lakeview Drive',983.386,'liP5g7'),(1118,'Mark','Davis','Gs8mQRvxc9','6BniTqtISV','1977-05-11','ohXyAHVJSt@gmail.com','Cedar Lane',962.916,'APFyKS'),(1119,'Robert','Thomas','mIZqvg1bzT','MvdyPAYFHx','1984-10-10','X8KCxIhsdb@gmail.com','Pine Street',1000,'cLjXSb'),(1120,'Christopher','Anderson','gAQGCOriDo','ZYDBH0npCs','1992-06-14','62wp3JRnEy@gmail.com','Meadow Lane',907.588,'COvaQ9'),(1121,'William','Rodriguez','wKpnRzPmBC','nYChvPHIMs','1979-11-03','fYGnLTasEX@gmail.com','Pine Street',777.729,'zgtZB4'),(1122,'William','Gonzalez','DPUcaNXzMj','nt1K9eLz3J','1977-02-26','VJNbRTmUkB@gmail.com','Cherry Lane',907.493,'QtcBgH'),(1123,'Anthony','Garcia','ih4emWRv0q','PoDiWIkzTv','1989-12-07','Z915eqBDiQ@gmail.com','Pine Street',1000,'ax5UOX'),(1124,'Richard','Johnson','5t62PuIe3h','KtN6eymATu','1976-03-30','mKCx5DhMoR@gmail.com','Main Street',1000,'6NylvP'),(1125,'Daniel','Anderson','SlI1h0ZsRH','xHh6oa1nR0','1986-08-08','byCcKYjmdN@gmail.com','Springfield Road',911.283,'KE98VH'),(1126,'Charles','Davis','6Yy7OP0r9K','tRVpBofvh7','1971-09-18','zJHqWhDPsC@gmail.com','Oak Lane',1000,'3tPwqc'),(1127,'Andrew','Jackson','edzEIVPg17','GQahqondcw','1981-01-02','9WFQiXCInN@gmail.com','Cherry Lane',950.001,'Uf2C1l'),(1128,'Anthony','Johnson','wzc0DsxTmP','deIaXkWpgJ','1980-03-14','jZs3nltEUk@gmail.com','High Street',786.164,'jep6r8'),(1129,'Michael','Brown','cUbvHPTuMK','21JDn5hN7W','1996-09-05','MjrZPfFBRe@gmail.com','Broadway',936.108,'nlNIZe'),(1130,'Daniel','Gonzalez','awimRHFj4M','XyuRPvk4Mz','1971-08-30','KGjEzQyqo7@gmail.com','Riverside Drive',918.942,'adOkxJ'),(1131,'Daniel','Anderson','tDVegRE35i','DOZp4Ye3PG','1989-10-20','Nky4fP9d0U@gmail.com','Main Street',981.52,'vjgbZL'),(1132,'Richard','Davis','HGbIR6eh1s','zmjCkMoGiO','1995-02-26','vwI1KpcnWl@gmail.com','Walnut Street',1000,'QAtDcl'),(1133,'William','Anderson','QgyBf8lxTb','o7qYtzRVCI','1992-12-05','GAto4S1jqC@gmail.com','Main Street',1000,'BV4FPE'),(1134,'Michael','Taylor','klWnTmr4Yi','0iLDRwmjO3','1972-09-26','wvslpRUDkd@gmail.com','High Street',963.883,'x7rDnR'),(1135,'Michael','Martin','qPMn5ftchH','jhEmsTRnYI','1988-06-03','kAnRhMULP5@gmail.com','Willow Lane',1000,'7br961'),(1136,'Mark','Lopez','KODg4VQ5Ju','uSsMIdlHUT','1973-09-21','GE2lmHckdY@gmail.com','Willow Lane',1000,'bd8kVs'),(1137,'Daniel','Hernandez','PqcBkRO3i2','JC7FLKpUcm','1983-04-02','XwVPLjCmkY@gmail.com','Forest Drive',1000,'hZ0Ybe'),(1138,'Donald','Johnson','dEIk4TXr3m','yLzH4j5eMT','1982-05-16','J7Bq1r0Xpb@gmail.com','Main Street',1000,'NQMuE8'),(1139,'Mark','Gonzalez','O0tuHwye2V','nxU5Av7yft','1994-02-03','RMWzyl7BSV@gmail.com','High Street',982.428,'fwpMOT'),(1140,'Joshua','Rodriguez','cuCdY1PoM5','RagSDFwhGr','1987-11-11','hSnw7ovmNO@gmail.com','Park Avenue',907.485,'TBvrAp'),(1141,'Matthew','Anderson','70z9H3t4sj','tDWR5MuAKp','1986-07-14','MrN4bOvI81@gmail.com','High Street',798.357,'XoIncb'),(1142,'David','Hernandez','2djYJS9km0','yJmxjDb6EX','1973-09-20','DxUcKouWQC@gmail.com','Sunset Boulevard',1000,'KHLvkz'),(1143,'Charles','Garcia','Pxp6Ke34yi','KiLh3puxYC','1975-04-09','iwPQNZCGxa@gmail.com','Lakeview Drive',1000,'MlWhZn'),(1144,'Mark','Jackson','AJGv6Py0El','6u40sNvCor','1978-11-21','uodU1c7SDg@gmail.com','High Street',868.297,'pqrQed'),(1145,'Christopher','Rodriguez','QPbLgWthp8','nYzNE9VQiS','1983-06-25','6kCl73diSN@gmail.com','Elm Street',679.867,'WQp8ya'),(1146,'Charles','Lopez','Z10g3JDb96','YMbPIgtxkl','1974-06-24','yLSYeB4TA8@gmail.com','Sunset Boulevard',724.729,'VmNBY5'),(1147,'Steven','Lopez','ceBUAOaJ8V','pYkqKiQaXP','1986-02-05','eIiM5URQoK@gmail.com','Forest Drive',1000,'l2OzfD'),(1148,'Matthew','Jackson','XuWzytRQTq','HgvDBzYJsw','1990-10-06','CG5RKczJxo@gmail.com','Meadow Lane',1000,'FhmjZU'),(1149,'Donald','Jones','MzrgBY2PjL','PVRDlAM8ra','1991-10-23','gDtUzRLyno@gmail.com','Hillcrest Road',933.993,'TxJ8Gr'),(1150,'Charles','Johnson','SjlcofdRLZ','jpUiTK41Cl','1981-06-10','bfLzt9Bdle@gmail.com','Park Avenue',818.485,'izMJQP'),(1151,'Matthew','Jackson','bGpaygfwL4','8rl4nQFmkT','1987-09-19','UDswhj89IL@gmail.com','Cedar Lane',903.922,'YXCcL0'),(1152,'Steven','Thomas','Lh6SY9BfJl','3agmciZ4Ew','1972-08-21','o8y57UInB0@gmail.com','Willow Lane',1000,'cB5erW'),(1153,'Paul','Williams','p7ZvszXLwl','SvBNrTbRGO','1987-12-02','7PAV1eoRUa@gmail.com','Forest Drive',979.711,'kI8msi'),(1154,'Richard','Jackson','sYhaGS9XoC','hYIRCsA1oa','1992-06-03','IdglmEHTha@gmail.com','Lakeview Drive',940.081,'R4MA2x'),(1155,'Joseph','Moore','Q20oGugldI','8S6HOgWQMJ','1974-07-03','kf0Letoc6A@gmail.com','Elm Street',947.392,'3tTsIz'),(1156,'Joshua','Anderson','Y8OqugrH3G','kLzQISNWo2','1978-10-28','C2LfT5kmMS@gmail.com','Lakeview Drive',888.663,'rPQj4d'),(1157,'Steven','Miller','Jki4Ey3s0f','I5n6KsJam7','1986-09-20','wBteUnYQO9@gmail.com','Meadow Lane',901.116,'YD3MqX'),(1158,'Robert','Rodriguez','fbeQw4lrD3','enUCcNHFqk','1980-06-21','yJdOUKmSEb@gmail.com','Walnut Street',900.153,'WXOzSt'),(1159,'Andrew','Gonzalez','kCdmnjhi7I','euahJrnbWx','1986-03-02','KQaZrAiMwN@gmail.com','Riverside Drive',1000,'xyqGmC'),(1160,'William','Davis','aPRlWVzb0D','mIQ0KYg1OH','1974-10-01','tb0jI8PgYd@gmail.com','Riverside Drive',906.111,'QexvnT'),(1161,'Donald','Moore','29tjyeXvfq','zAhBfoFYlE','1987-09-22','zUR4p0yrSQ@gmail.com','Riverside Drive',1000,'yRfpe6'),(1162,'David','Brown','IZySnoqUCd','Zyx0tjmgSJ','1969-07-29','oOKPJ3HWBr@gmail.com','Riverside Drive',913.132,'wpc7Xb'),(1163,'Mark','Rodriguez','AemYWZ6HIb','I84CGzUiqp','1970-08-01','nEL4shd30q@gmail.com','Park Avenue',951.332,'UVXjW0'),(1164,'Mark','Wilson','0M6UTE5dHD','d2mGPVRlqv','1994-10-08','NXGhEbieSp@gmail.com','Hillcrest Road',917.069,'LjHCIa'),(1165,'Mark','Brown','o3N1AhQswL','6niyTUukAJ','1996-07-07','Qghp1SmCPU@gmail.com','Walnut Street',786.199,'Xzrixo'),(1166,'Daniel','Martin','gYT02Vpzt6','1kj0dBKYbl','1978-10-01','j1qy9mp43c@gmail.com','High Street',871.472,'5lcfBe'),(1167,'Matthew','Jackson','xZbM9HFDrp','q23wbWpBEi','1976-01-04','1hnH8GMkde@gmail.com','Elm Street',879.443,'FrPSqf'),(1168,'David','Miller','j1ECJ580FT','FULtgHpeNR','1993-02-20','UjE8nhM47H@gmail.com','Oak Lane',940.221,'IU94MP'),(1169,'John','Martin','vnzWmw7sH0','YKQ9s86ajC','1978-01-16','yv7Z4uBKUh@gmail.com','Oak Lane',969.517,'IYF2Rv'),(1170,'Richard','Anderson','e9j1fE6RWG','6x1ShgOKNi','1985-03-12','lyOMDFo9uW@gmail.com','Broadway',1000,'uIQEkb'),(1171,'William','Thomas','v1FzTbm37Z','J03OzlEgtB','1982-09-20','9XCojMa5Fx@gmail.com','Springfield Road',897.178,'4BN2Jg'),(1172,'Joshua','Wilson','XAymkLt6v0','BElLb7TzrC','1980-03-27','Zr7gE4yxsz@gmail.com','Lakeview Drive',839.569,'tNncYM'),(1173,'Charles','Garcia','NEFXZjmusT','WOYuRZkj8x','1988-05-02','KuIU8M3iS9@gmail.com','Pine Street',776.151,'NQ95su'),(1174,'Thomas','Moore','jO7YJHqmui','aChZB7l2qN','1971-08-11','apDhg8NbmT@gmail.com','Cherry Lane',961.576,'LAFgvm'),(1175,'James','Gonzalez','VPpSkGDeOi','TMt1RFbkKv','1990-05-01','MUGATLdBeV@gmail.com','Oak Lane',1000,'AHOGw7'),(1176,'Charles','Hernandez','cjCU6aIGXH','xIjtBbNw1C','1986-05-06','oWJ8tMgkBP@gmail.com','Sunset Boulevard',1000,'YBDngy'),(1177,'Christopher','Wilson','gV6aCOM8IK','eQOcN5FbhP','1977-02-12','O3yDmLrj41@gmail.com','Hillcrest Road',1000,'jnGzpL'),(1178,'John','Wilson','RuITpo0lsJ','fI2FzDXEnL','1970-05-11','ads9ouT0H1@gmail.com','Sunset Boulevard',985.216,'p7K39h'),(1179,'Steven','Thomas','dvWsugUb8o','e49iYVvz7f','1976-06-18','3QLOzb6Wl9@gmail.com','Sunset Boulevard',936.628,'Mzb7d6'),(1180,'Anthony','Brown','Xm0QOJutnT','s6aCWmrjOf','1973-01-18','5EqNUcFC9v@gmail.com','Hillcrest Road',832.238,'3zDGe2'),(1181,'Daniel','Davis','E8sQ5HSkXD','PvGAlmzU2a','1987-01-30','OotsAzTdF6@gmail.com','Walnut Street',1000,'57qgFQ'),(1182,'Joseph','Rodriguez','oefF1qhdw3','Leh4OtBykU','1972-09-14','2NQqZvrFMt@gmail.com','Meadow Lane',973.987,'WceuUT'),(1183,'William','Thomas','aD02djSwGg','rvZAxBbiRH','1991-11-23','FLupI0GDco@gmail.com','Meadow Lane',914.47,'aHFKDL'),(1184,'Richard','Moore','H8Ofz7b1qW','JzPuvterFh','1970-05-23','wtL7pY1vTd@gmail.com','Hillcrest Road',974.993,'KI73R1'),(1185,'Richard','Smith','SXQT3vrMCc','gwCt5obz3r','1973-08-11','Uca8TdtulO@gmail.com','Hillcrest Road',893.071,'e7L5Ua'),(1186,'Thomas','Anderson','WVLPkMl0Am','bDp7oxNc2n','1970-08-21','3NBQmItD56@gmail.com','Springfield Road',856.84,'Adip4Y'),(1187,'John','Hernandez','sOAS8GYfhT','CQO7WojGUh','1989-08-25','WzenIJr8Rk@gmail.com','Springfield Road',823.491,'03Bopm'),(1188,'Richard','Hernandez','oRHkZMeVWO','MD74U9fnas','1986-10-29','U32lFTi4OJ@gmail.com','Broadway',937.74,'A1UWFe'),(1189,'Joshua','Martinez','hbiZFDaGVJ','1G32S0OzWM','1988-02-29','cnROb39efl@gmail.com','Cedar Lane',928.716,'RnwZLl'),(1190,'Michael','Martinez','6CqVANU23F','w61VI4RUAY','1973-01-22','NFECO4xa2Q@gmail.com','Meadow Lane',805.167,'TfmJ69'),(1191,'Joshua','Thomas','qV5Dz9Ugfx','JycBq5Gx3Y','1986-06-30','v5CAdBD38n@gmail.com','Willow Lane',749.5,'ZdFuQV'),(1192,'Richard','Davis','6yc5gQHGvE','34H1ixP9h2','1983-01-21','ybz5Gf2mYR@gmail.com','Springfield Road',942.837,'5hOQXT'),(1193,'Michael','Brown','FrCawIRLcU','LwaYFm0qpy','1981-04-02','jdUFH0O1V3@gmail.com','Meadow Lane',1000,'EIyCAR'),(1194,'Michael','Jones','au4Nz9BJ3D','mq1axjgluT','1994-07-23','RVYIy6G5Of@gmail.com','Orchard Road',936.677,'HMC8cj'),(1195,'James','Brown','jkUEpfKcT6','UrTwVcnJdX','1984-04-12','lW1IvtFeZs@gmail.com','Park Avenue',1000,'Bidasb'),(1196,'John','Wilson','ixr3goQu6F','eoaDxt9T3h','1988-03-17','eIFkqdN2i4@gmail.com','Main Street',903.259,'lZdApa'),(1197,'Daniel','Wilson','oFVp6TSxXy','jQ9LAkK8d5','1994-12-02','YpS8bL5Khm@gmail.com','Orchard Road',989.018,'eFlw5T'),(1198,'Andrew','Miller','hinGEmyqtc','XUnmVJzR9L','1973-03-26','ir2m9SRC7p@gmail.com','Main Street',953.343,'jO4eJr'),(1199,'Mark','Hernandez','sfDQEVdFew','XfxlyN6swC','1990-08-02','btUevsIfWV@gmail.com','Pine Street',1000,'gSAX9e'),(1200,'Matthew','Garcia','MdrhXpTmYe','740aqJNUZt','1985-04-23','WOqc50NC46@gmail.com','Cherry Lane',967.981,'4iJ9c7'),(1201,'Mark','Miller','fCUBr7PbNp','PLcRgzFVvj','1993-06-08','BqfawF4hEt@gmail.com','Main Street',890.323,'erO9w7'),(1202,'Steven','Brown','KWjVSFOlrT','FuAEZo2OMz','1988-09-07','NSkZyWjmTX@gmail.com','Orchard Road',951.76,'n7YTxH'),(1203,'William','Jackson','jJo04LmCrR','czfojJ7gTI','1981-06-07','Dcih2xlgJu@gmail.com','Pine Street',919.017,'CUcGOt'),(1204,'Richard','Lopez','C5SKFoX4pB','GOFeQnPBTf','1970-03-02','TkAQnwjdx6@gmail.com','Maple Avenue',1000,'iU1gIy'),(1205,'David','Moore','SyZM7V2Q0N','izFKuRfh2M','1989-03-31','Dhxk1UifyL@gmail.com','Cherry Lane',1000,'pvn1OB'),(1206,'Robert','Wilson','2AGqjTJYQ6','SD967Jsz4c','1977-08-31','IhixRK7asg@gmail.com','Riverside Drive',957.663,'fUxjZY'),(1207,'Andrew','Martin','6PIsWijxX1','Uz7HiFhYEN','1980-11-09','1yYJFVQKPH@gmail.com','Cedar Lane',1000,'4Kt6nT'),(1208,'Thomas','Rodriguez','7ghG1X3ouk','HUWAi3RVZs','1985-06-23','LZQHp0oSkg@gmail.com','Forest Drive',1000,'phoDW0'),(1209,'Christopher','Miller','fhLoby2FTz','Qv9hZbykrc','1987-04-17','qKUxJsEydp@gmail.com','Hillcrest Road',898.695,'bydaJZ'),(1210,'Paul','Smith','DPqeyV8crO','z02mYkwPyp','1978-09-16','AxeMSN0RuZ@gmail.com','Park Avenue',904.912,'V5SHUx'),(1211,'Paul','Wilson','tTzrMa4qRY','FC3T12Mifo','1983-10-13','Q8sF5SqG6X@gmail.com','Park Avenue',893.783,'r7aXAg'),(1212,'Donald','Brown','GtvjoFs7lW','zdtuViUKPA','1974-07-06','2DzvGHYNW3@gmail.com','Springfield Road',937.385,'q4Vaiw'),(1213,'Robert','Smith','Bu8onR3jGF','BOLNRYkVAs','1991-03-29','9X72z54DsW@gmail.com','Maple Avenue',856.903,'QlMFRj'),(1214,'Joseph','Martinez','cs7RBMlCL3','u1pJLATCQg','1987-08-14','qh7HUxSvwP@gmail.com','Hillcrest Road',1000,'Gt5F0u'),(1215,'Paul','Williams','cCl4G5dAFP','bctahedIAN','1986-10-19','KAPIB7aU5x@gmail.com','Hillcrest Road',878.663,'Kebcuh'),(1216,'Paul','Brown','3MukqrSHpG','wf0syRgLTh','1993-08-21','KEvrFcU4TZ@gmail.com','Hillcrest Road',980.512,'es6hka'),(1217,'William','Garcia','DZpLJtehxc','TYheSI7DRB','1985-10-05','7qWJKGzpF9@gmail.com','Forest Drive',1000,'3CePYM'),(1218,'Richard','Garcia','nhzIGUZwkg','wd6fcSrBCM','1995-09-01','hmxWjOF1l9@gmail.com','High Street',739.906,'VaBAKC'),(1219,'Robert','Hernandez','VMdW5ftDpC','xqF9amMTVu','1978-12-28','diDNb9VGOe@gmail.com','Park Avenue',866.316,'c5M2RW'),(1220,'Christopher','Brown','0ify6lNAzH','cUuipdwv2j','1973-04-17','ZR49nIMTjY@gmail.com','Willow Lane',1000,'QUce75'),(1221,'David','Taylor','DeTVo2f4iU','I1cGtgD7zB','1990-10-28','9YeSDjxZlW@gmail.com','Main Street',919.94,'zC95dW'),(1222,'Michael','Wilson','FAyHwhXWMI','IQsy3PV1UA','1976-03-03','NURTkyc28K@gmail.com','Forest Drive',920.47,'gzmfUw'),(1223,'Andrew','Brown','ab9nB8HvDW','IaZzDhjgkT','1977-02-05','jWkYo4DgHl@gmail.com','Oak Lane',951.239,'79jo61'),(1224,'Thomas','Martin','ncmeDLJ6dR','oJSF8tkpQy','1972-06-26','9x2MVKCXdG@gmail.com','Orchard Road',895.59,'3lWMdY'),(1225,'Joseph','Martinez','bG01frtWKR','bAu72IZzrV','1989-09-06','5IPOZvrlfc@gmail.com','Elm Street',845.49,'chMUQL'),(1226,'Robert','Anderson','YQ51Dok9gv','cwBhSF2QRi','1990-03-23','mSpXzhLfao@gmail.com','Lakeview Drive',941.997,'kpHsnr'),(1227,'Charles','Rodriguez','xCcV8ioasS','v41VafIQ5G','1982-06-06','qdufvm7hQi@gmail.com','High Street',1000,'lqfkah'),(1228,'Richard','Davis','yhpFTkg9fY','ytECnm57wg','1987-09-13','mIHxp1PSkq@gmail.com','Walnut Street',956.135,'5vPIbk'),(1229,'Donald','Martin','cE0tkJzwX4','j5cIVCB6KN','1971-10-10','W6jPSwTNpm@gmail.com','Cedar Lane',825.848,'EQeMTZ'),(1230,'Mark','Davis','bCq25ogktA','ixtH7VPogy','1974-03-09','kvWDxowtFe@gmail.com','Oak Lane',922.317,'JWLoy7'),(1231,'Mark','Davis','xTYo82c5jB','eKoCABI1qr','1983-10-15','egwJcPhns3@gmail.com','Forest Drive',938.988,'kMFx4e'),(1232,'Steven','Moore','36BsPLCclw','fDncjo4hml','1973-10-20','XOPhwLZk0z@gmail.com','Oak Lane',979.937,'I2RvwK'),(1233,'Michael','Taylor','QEblxYU72G','meJnsS1kX9','1985-11-02','fdyoCGpK61@gmail.com','Cherry Lane',702.939,'mHGzXW'),(1234,'Michael','Jones','UO2qokWeYh','jqwNCViG2Y','1996-01-10','O3kM9pExNQ@gmail.com','High Street',717.435,'7XCgab'),(1235,'Matthew','Garcia','rRnqwXWLdb','lk19vfDUhM','1991-05-21','uwZnWjUy4E@gmail.com','Lakeview Drive',962.206,'yRBIi7'),(1236,'Charles','Anderson','G7SruKf43h','5ASDcuGor3','1995-04-05','qFH8QbgyGs@gmail.com','Hillcrest Road',665.661,'ZQE9Ub'),(1237,'Daniel','Anderson','hra7iB8jgy','08e7EYMR4b','1975-11-01','ZcCwyr6E49@gmail.com','Walnut Street',1000,'KwgUoy'),(1238,'Thomas','Garcia','hRLJjx0GEA','A5fDkqY7ud','1993-08-12','1tuZEGHhJp@gmail.com','Oak Lane',929.529,'D8Bmtx'),(1239,'Andrew','Martinez','PdnlSgGQfZ','b0JCDl3oOQ','1970-11-29','hCDLiqla0E@gmail.com','Meadow Lane',922.002,'TXsePc'),(1240,'Joseph','Anderson','hUwxc5ONsX','Yr8yi0aMmL','1988-10-06','dELYXafOsw@gmail.com','Elm Street',1000,'oajrvl'),(1241,'Robert','Davis','dfZRK47pmq','me8sRz6J4q','1970-02-13','eJub9Hh5mi@gmail.com','Oak Lane',637.001,'kebGKC'),(1242,'Thomas','Jones','QxYTb7Bm5k','x7E80fmR5A','1996-01-25','XacLSNmW8b@gmail.com','Maple Avenue',899.023,'C6DvKB'),(1243,'Andrew','Jackson','APvHwFyzW5','RKeSsanX2A','1989-08-26','EoCiBmPY0D@gmail.com','Forest Drive',1000,'ZF3bYB'),(1244,'James','Brown','OUk3lDqSWY','cOFUiSHIjr','1982-11-05','ZR1yIoHGSN@gmail.com','Pine Street',1000,'63r0ud'),(1245,'Christopher','Thomas','LdbAsxwHmk','cKFMlBaPve','1987-06-09','wQnc0E6yPm@gmail.com','Oak Lane',1000,'BXwhYO'),(1246,'Donald','Gonzalez','lWzL4c0XqR','zXDIbnGYFs','1975-11-23','o1RCd67fIH@gmail.com','Cedar Lane',962.017,'jK1fvX'),(1247,'James','Thomas','SaE3xL5mnD','w0dWnYF2rH','1994-12-03','A1gcOmlEod@gmail.com','Walnut Street',1000,'JEPFVf'),(1248,'Joseph','Jones','Qs3GzErjgP','4KxbCJn8Zy','1979-04-14','fu4p6KJoYG@gmail.com','Oak Lane',1000,'HjtDrX'),(1249,'Daniel','Garcia','Dw514BgTr0','zS1nlQv4Vk','1972-10-03','SZkyMm2iz1@gmail.com','Riverside Drive',1000,'ygj2bR'),(1250,'Steven','Martinez','cCH7AFo3uY','E0fvxDZz4K','1995-01-27','4SmgtUW1NO@gmail.com','Riverside Drive',945.67,'s6RgZw'),(1251,'Charles','Gonzalez','Jy2hMWZG8V','mWGBTvFDaE','1979-05-04','kQeXb4WC1M@gmail.com','Broadway',899.34,'nSWNjx'),(1252,'Andrew','Davis','YhM10URyBA','5f8WveRBFE','1971-12-20','8Y4nTLtHUR@gmail.com','Lakeview Drive',1000,'OrVd2C'),(1253,'Thomas','Anderson','E1qTeINogz','xkXJAhYLWE','1981-05-05','XL25aHwnDv@gmail.com','Elm Street',780.531,'zOVFWJ'),(1254,'Richard','Anderson','sJZxheH17u','eyRxiSudID','1970-06-19','poxHvew4FG@gmail.com','Park Avenue',1000,'GMruys'),(1255,'Mark','Hernandez','GJWkq68eru','xpUutq0wjz','1995-11-24','mqlpMhRgyb@gmail.com','Park Avenue',893.251,'NQVXDz'),(1256,'Matthew','Taylor','IAJwyRefaK','3PDf9wBEeF','1984-11-04','utcXMDA3kF@gmail.com','Walnut Street',1000,'u4ImO5'),(1257,'Steven','Martinez','FnipcRg2lH','TYzqiNbJ98','1978-02-04','6Z8pdMkXg4@gmail.com','Walnut Street',1000,'lBet8a'),(1258,'Paul','Lopez','AdSKOrRTzc','Sh2F8eLbja','1977-06-14','arQjO7Sqei@gmail.com','High Street',754.883,'lX3t1W'),(1259,'Thomas','Taylor','5dyheWYkl0','lFBg4NipZT','1970-01-05','qXQeZyBc7G@gmail.com','Hillcrest Road',908.223,'Ma2Wex'),(1260,'Paul','Rodriguez','o56QFJswn3','0RlXSkjLzT','1987-08-06','XrbahwQN3F@gmail.com','Oak Lane',701.87,'SsdCIx'),(1261,'Paul','Thomas','VEa8pUl5Xg','VqceTdzvaw','1988-11-29','g4ZmKk0EDp@gmail.com','Lakeview Drive',1000,'isfd6U'),(1262,'John','Jackson','jtXiFEupQP','FeaKtyv8bG','1975-09-01','IwL9sFgPnr@gmail.com','Forest Drive',715.632,'P1zbVk'),(1263,'Mark','Martinez','HQdeJLSj6v','X7jFfwp8eh','1996-08-07','Z7ocieLwh9@gmail.com','Pine Street',949.765,'Pzs2am'),(1264,'Joseph','Smith','JGa67MnNix','Ae84OKnUwg','1970-03-10','9b4tFp3WlE@gmail.com','Cherry Lane',919.276,'UMR7e2'),(1265,'Michael','Jones','gIWhX7JHZ9','6m2cWKo4bw','1977-04-24','vMNmPUtcqI@gmail.com','Meadow Lane',1000,'c7skun'),(1266,'William','Miller','NzeTmQr9U3','bQHEPRGuLp','1991-11-05','LFigDzJV3w@gmail.com','Walnut Street',1000,'LEYJmC'),(1267,'Steven','Taylor','19f3PAcO4u','rF7KcSmVRL','1996-01-18','ba1FJK7nNB@gmail.com','Cherry Lane',834.17,'wbOFCm'),(1268,'Christopher','Moore','1YdBatcy79','FiZPvVmA6p','1982-01-16','kgs8L6TqPA@gmail.com','Park Avenue',920.596,'ysmbFk'),(1269,'Charles','Moore','Qb1ZenM2OE','WqJUMR2ceb','1983-01-23','UIFuyAb4Xe@gmail.com','Park Avenue',922.63,'h47DvO'),(1270,'Michael','Taylor','bJFnmxK8NX','sZw25cWOPh','1980-02-21','3LKfge0O67@gmail.com','Forest Drive',743.221,'wqclJu'),(1271,'Christopher','Jackson','Ou7sFnSLA3','v6T9mMaGxj','1987-02-06','6tpGqX4Euf@gmail.com','Oak Lane',1000,'EvQwJS'),(1272,'Mark','Wilson','6P2Nb5ow3a','3mVAJNMvFZ','1989-02-25','uwk6f1lTHd@gmail.com','Sunset Boulevard',1000,'hmwNMc'),(1273,'Mark','Jackson','XjNHRoPBbE','mzXohcaNWV','1987-02-20','0Im4FOLilD@gmail.com','Riverside Drive',1000,'a2GQtZ'),(1274,'Richard','Garcia','QoI2iNOE0e','hg2EyQBwZs','1981-12-20','zUn0CIuXGp@gmail.com','Riverside Drive',900.467,'IgoNEY'),(1275,'Steven','Garcia','ZlM8DsJm5F','RNuWxav26o','1982-04-15','14zXUnhARH@gmail.com','High Street',881.463,'ekCrbY'),(1276,'Steven','Johnson','vmK6fZqsGe','4uDq537xPr','1982-11-29','JHFic0DdjV@gmail.com','Elm Street',882.193,'N3ezJj'),(1277,'David','Lopez','LxvE5w6QMs','rhxFRj9HLS','1989-11-02','Ms3Tl8qSIm@gmail.com','High Street',876.671,'CtmJwT'),(1278,'Robert','Garcia','bS86mqKHNx','cPqWBY6gRL','1992-10-03','4USgZHOlsX@gmail.com','Maple Avenue',929.779,'AZOrkJ'),(1279,'James','Jackson','1a6nRQwFh5','koczSb3KtA','1995-06-07','w7AszW10rZ@gmail.com','Orchard Road',1000,'uctaVn'),(1280,'James','Thomas','I8gxDhpRlK','EnCHoNpw8D','1979-06-27','A3QljZyiL2@gmail.com','Willow Lane',928.78,'Qd7B6M'),(1281,'David','Martinez','b41TLnteF8','c9WjxgEshY','1981-05-10','FRWO0yo8vt@gmail.com','Maple Avenue',1000,'xpFuQX'),(1282,'Mark','Davis','TpCVPiSW9B','ZAYJfazmt6','1971-03-08','LIyxbT17nv@gmail.com','Oak Lane',834.943,'OTXlih'),(1283,'John','Hernandez','KRjA2Xh3zZ','yscL0gdiAl','1978-08-23','KQrFu4qeAm@gmail.com','Riverside Drive',1000,'TDFUtH'),(1284,'Richard','Rodriguez','SRB4XbAgur','JmkZQohsd0','1987-11-28','5HkS6yoPaD@gmail.com','Main Street',1000,'GukYXo'),(1285,'Daniel','Hernandez','9MxZy4FwKV','VcrdFCh10K','1971-03-09','HQuxUCSedi@gmail.com','Forest Drive',852.444,'jngVY9'),(1286,'Joshua','Rodriguez','0xz8QlyGeB','qi6sW5nmx2','1985-04-10','rX4UEviaBy@gmail.com','High Street',801.618,'m3N6cg'),(1287,'Anthony','Jackson','TcbWmX3ELj','MKNDLeqtGf','1980-01-24','z3lWO17Z4M@gmail.com','Main Street',1000,'uHAmVQ'),(1288,'Paul','Wilson','jevzmku8IB','ktfCJAqwyD','1993-04-18','BX26gI7YqU@gmail.com','Meadow Lane',732.491,'6fiAZN'),(1289,'Thomas','Williams','VTwW3px4MZ','WD15NQPGEL','1979-11-13','FI2NB6lySP@gmail.com','Orchard Road',755.77,'RTJ6qM'),(1290,'John','Wilson','ZLilcDTOIP','ruUjQOqe3K','1996-10-04','VbeRkZAJu5@gmail.com','Oak Lane',1000,'AMzLUI'),(1291,'James','Martinez','iZjbnkrhXa','aBms2kKcJz','1991-11-02','mBnzusy54H@gmail.com','Orchard Road',851.101,'TJ4d8V'),(1292,'Michael','Miller','DzLB7h2j50','aUB3fA4Edc','1971-08-09','RN7Hb4IgO5@gmail.com','Willow Lane',1000,'DcE6YH'),(1293,'Joshua','Smith','QRbg6JxhKi','HarVP59Lqs','1977-04-25','Nl3HPmS5sh@gmail.com','Park Avenue',1000,'ALEnJW'),(1294,'Steven','Jackson','e37q2AFHTS','6zaETbsIgD','1981-06-04','ilmsburSRh@gmail.com','Elm Street',696.479,'gpj0lH'),(1295,'John','Anderson','wcG5Q6paHP','iDkOSXLhJv','1970-11-01','6gTxrDX8RU@gmail.com','Meadow Lane',858.08,'uBUv7Y'),(1296,'Mark','Garcia','qclQiV5raL','aPXuUBIMhb','1971-07-08','Pv8m9GYiOM@gmail.com','Meadow Lane',891.641,'WfAXL9'),(1297,'Matthew','Lopez','kXUfWiaVjL','bu15LsCBFU','1969-08-02','GtTLFaXzNC@gmail.com','Riverside Drive',935.885,'YSa2tz'),(1298,'Paul','Rodriguez','bC4NZ8qEjQ','japPuLs5wS','1992-09-30','JXf1CkjYyx@gmail.com','Forest Drive',1000,'bV8dax'),(1299,'Charles','Miller','9srl3Ap8FW','RP3MAF9ZW6','1990-03-16','jpCLTGf16n@gmail.com','Willow Lane',964.78,'ONDM3h'),(1300,'Joshua','Wilson','F81VLShv9k','aVFHkvcwQi','1984-05-30','Hp0e2GPv9W@gmail.com','Hillcrest Road',886.261,'gbdeLn'),(1301,'Richard','Brown','dVG1Y5RBr2','3Jq9fT78t5','1983-08-02','2g93CXK10v@gmail.com','Hillcrest Road',1000,'SIfpDw'),(1302,'Daniel','Martinez','WxdmczJqEo','M0Jtj7cbIH','1985-10-22','y3SpWhgmxi@gmail.com','Broadway',1000,'RbPNn9'),(1303,'William','Moore','tuA0NTLf3y','LdnPUvwao2','1970-07-31','GaEBkUjRLs@gmail.com','Sunset Boulevard',895.027,'FsPrdW'),(1304,'James','Anderson','COteYg8Koy','NH3qswJ80K','1975-01-20','mGIUfcFZpi@gmail.com','Meadow Lane',1000,'8bAY6h'),(1305,'Daniel','Williams','SHuPWJZDNa','Z78t0VMIik','1994-09-21','jnfAV1vcb7@gmail.com','Springfield Road',902.446,'ElF1vO'),(1306,'Richard','Hernandez','2u90zxGkOI','3PtpOQl9v2','1971-09-25','fxztTbmPQU@gmail.com','Sunset Boulevard',885.795,'uYVWnc'),(1307,'William','Anderson','TfL6mgtzBo','N0WYVhUo16','1996-03-10','6r2fFMU47N@gmail.com','Oak Lane',798.358,'xRpAOE'),(1308,'Michael','Brown','XlaTANuIRV','ikocF2ZVPO','1988-03-08','JNcK2R8OqT@gmail.com','Park Avenue',910.4,'fx9j4B'),(1309,'Mark','Smith','tkSwycNhsC','EoyNZMljvu','1994-12-15','YKQaefV1Jo@gmail.com','Willow Lane',963.853,'u8S2KN'),(1310,'Joseph','Martinez','G307ZWbvSH','0XyZaIqO7t','1991-08-04','yaKpozN918@gmail.com','Willow Lane',838.542,'MtYFhR'),(1311,'David','Brown','DvuZIX7Bb8','w08otsHXzF','1995-06-01','AlG3tXsvro@gmail.com','Oak Lane',979.27,'TXeJa1'),(1312,'David','Anderson','qjSuY4NMQE','Vx0uZn9XLz','1987-02-01','mgFnZXQ5zx@gmail.com','Springfield Road',981.754,'G6RDIU'),(1313,'David','Rodriguez','NWbaSgn58d','r2QDaETuqz','1991-02-14','N5oUICiFwK@gmail.com','Main Street',900.235,'1XTfSj'),(1314,'Andrew','Garcia','CmA5ThMfwk','tzFqgKh6NV','1978-02-11','OokjgKDCUh@gmail.com','Maple Avenue',895.506,'TuOUqy'),(1315,'Paul','Wilson','p9thfYHDdW','NArXv7Q5gb','1973-11-30','VulF1j9rHv@gmail.com','Elm Street',938.431,'KbFEDf'),(1316,'Joshua','Moore','Hvc5sQOylh','j3BlmNvUHW','1994-10-15','MEcu2SYhjH@gmail.com','Oak Lane',1000,'XtFaMd'),(1317,'Paul','Garcia','6uFSnL7DZE','4lQHg83bUK','1995-07-18','IHwQiSnvX4@gmail.com','Lakeview Drive',873.347,'53nrjM'),(1318,'James','Brown','MpKQeFXfPW','QcAfnBpXP7','1981-07-04','BG9gn2qmZt@gmail.com','Lakeview Drive',972.37,'vjaXfq'),(1319,'Mark','Garcia','vUPauNRO0i','rJe4szBIKw','1988-12-26','v1DM2R6KhU@gmail.com','Cherry Lane',939.712,'wUfyv4'),(1320,'Paul','Taylor','U7fTIywMZS','nPS4XmRdVJ','1992-09-09','FKHveDMU1a@gmail.com','Walnut Street',1000,'eJXQfj'),(1321,'Joshua','Jones','fyOA30pR2X','6HJl9kjLKe','1983-12-19','r7DEVosqeS@gmail.com','Willow Lane',1000,'iJUX8h'),(1322,'Michael','Hernandez','EC8i6vIxWn','VqePWuTpKn','1980-06-28','kMREjITYDb@gmail.com','Riverside Drive',963.663,'cKO1ks'),(1323,'Joseph','Gonzalez','B0t5eYxpo4','hvoL9OC1Tc','1977-12-08','lbTFE4cWjV@gmail.com','Pine Street',1000,'SUIZAO'),(1324,'William','Miller','zlxi4MPKSG','ZIRXQBr2oS','1994-06-11','qEeXBJfYOv@gmail.com','Pine Street',1000,'13B6ZI'),(1325,'James','Thomas','ZH5dEhUlAB','oEsnB6fGbH','1977-07-01','8cd7Uf4sQa@gmail.com','Oak Lane',951.428,'HGJrZR'),(1326,'William','Rodriguez','ULF7BqwQTb','6O4Al7ZMpm','1992-04-06','PgQrHzx9Wh@gmail.com','Park Avenue',908.913,'OBsbHR'),(1327,'Thomas','Davis','cxGlosiEhq','BsJTV7L8py','1987-08-21','XJfvG7P9cz@gmail.com','Oak Lane',1000,'D8vRCM'),(1328,'William','Taylor','zPupbRh89S','2slHwNoqmp','1993-03-22','CgFTVIAdMm@gmail.com','Walnut Street',1000,'CuqOsP'),(1329,'John','Martinez','aoVNbFZdgf','BGyYWAcaP4','1969-12-05','r6uTgYiOUA@gmail.com','Cherry Lane',802.119,'LitW8Y'),(1330,'Michael','Thomas','euMtNmQ5gq','jWUgSMsYIl','1995-12-07','j0IAq2p57O@gmail.com','Lakeview Drive',959.173,'LDz9rj'),(1331,'Steven','Martin','WpbKnJtPa4','PM3lJIcDFH','1986-02-18','4WXyOtrdCY@gmail.com','Cedar Lane',707.711,'NYAohy'),(1332,'John','Brown','9q7PKFOI58','qV9M5SuBof','1986-01-13','M92HDFXg71@gmail.com','Meadow Lane',924.215,'9M18oZ'),(1333,'Paul','Davis','kM7ZnsvpG9','akEmeArSR1','1974-02-27','FPYKf3g27r@gmail.com','Maple Avenue',977.519,'bcBaeg'),(1334,'Andrew','Wilson','8qfB4QU3Vi','4gwOZdES70','1988-08-03','k89EY0qTXu@gmail.com','Park Avenue',652.237,'OUWmxV'),(1335,'Thomas','Davis','e03uTANSzf','jS7MDsROzx','1976-03-06','U8Nk5QxsP6@gmail.com','High Street',1000,'kv4on3'),(1336,'Thomas','Johnson','LY3OhukyWt','vjZLMxqiCs','1971-01-04','3oHexBqTDQ@gmail.com','Cherry Lane',900.558,'OkeBrx'),(1337,'Joseph','Taylor','wx0ojkbsIT','8wWexjQitB','1991-12-05','ItqPO3ueYU@gmail.com','Orchard Road',846.999,'6cetqQ'),(1338,'Joshua','Martinez','h5vDfUsnPS','NtHb7PSIvj','1971-01-31','3d1iQC4S0G@gmail.com','Main Street',939.121,'wzXY6v'),(1339,'Andrew','Miller','G96BOVxbvk','iENXZsOL6x','1991-04-05','HfKZv0kzNX@gmail.com','Willow Lane',926.57,'31K7JX'),(1340,'Joshua','Brown','uW7IAvC2Oh','qHOkfwh5Gn','1973-08-02','UExB6CFlgz@gmail.com','Springfield Road',819.242,'0ZWPj8'),(1341,'Michael','Martinez','iKQmhBPxGv','TUh1iYpMXg','1973-06-30','x7Jpl1N5o4@gmail.com','Sunset Boulevard',990.76,'QWPgsY'),(1342,'John','Wilson','dTo1ck5b9K','32NiVF1oQt','1995-07-17','jiszqQ4Ae9@gmail.com','Main Street',1000,'dsQb6q'),(1343,'James','Jones','Ts2UGrcegD','1edRClGhXv','1977-07-20','e0tWk2gHGm@gmail.com','Willow Lane',940.183,'uf0CrA'),(1344,'James','Anderson','3TmHUOaqRb','La1p5iS8wx','1977-10-18','zD0cg9ksHP@gmail.com','Orchard Road',868.552,'djJUOr'),(1345,'Christopher','Jones','93TDphsbxg','pJT6hcSzrv','1984-01-27','NEyi758LO3@gmail.com','Sunset Boulevard',1000,'y5j7xh'),(1346,'John','Miller','CXsol9Rbz2','ZiYFv2zat3','1982-12-16','oeMDtsvdcL@gmail.com','Cedar Lane',905.537,'rbnhDy'),(1347,'David','Miller','hg4RO92K6s','LRqmVuf4oF','1973-07-15','mT56ha8np7@gmail.com','Cedar Lane',950.988,'xzAse8'),(1348,'Michael','Davis','GgSv1YEpN9','ovKu73xZiU','1990-07-09','buvJm0V16z@gmail.com','Riverside Drive',936.768,'XPpaHG'),(1349,'John','Moore','yqhzgoYVSU','rHVEbYk1Q7','1980-08-22','NwMGi7f5yj@gmail.com','Maple Avenue',1000,'Xv5yF1'),(1350,'Mark','Brown','2Dl6sjTvJd','p7RCUXT63s','1992-09-20','OxDNcEW39w@gmail.com','Orchard Road',1000,'uj5xbG'),(1351,'John','Johnson','ClUHQKoWui','r6NHah3eIA','1990-08-08','n7sWe1ACIR@gmail.com','Hillcrest Road',814.245,'amzfeg'),(1352,'Paul','Jones','z1uhftsxaO','n5BvObGa4t','1978-06-10','wSGCczmX8Z@gmail.com','Broadway',907.737,'i8uXv5'),(1353,'Charles','Rodriguez','YkbIau3L4c','WKg5eOVThy','1975-07-21','kM3WyOiHrU@gmail.com','Cherry Lane',1000,'beK4qT'),(1354,'Michael','Wilson','2QxBAKbXmd','FuwApkE6P2','1992-05-02','h4usXRAP6U@gmail.com','Willow Lane',874.281,'etlAnc'),(1355,'Mark','Jackson','h65zMJwiI0','PIMOghSLqe','1977-05-21','mGoJErB5hl@gmail.com','Park Avenue',916.864,'fvd6ph'),(1356,'Steven','Johnson','GY5mINcvKs','12QqOCIKl3','1987-11-30','YXohWeriyH@gmail.com','Cherry Lane',1000,'qRsvdn'),(1357,'Anthony','Wilson','4ojUMNrRIn','Vl6OyAweYa','1977-09-16','yqL7KGARUn@gmail.com','Pine Street',848.63,'MCS7Hn'),(1358,'Michael','Hernandez','JqKjuALSaG','MIWZA1DrKj','1992-04-17','9tzmiqZduB@gmail.com','Cherry Lane',989.083,'fEZPTO'),(1359,'Joseph','Miller','rRNYh6PJGs','VAJukX6pfB','1974-03-16','fLQnrJYd3Z@gmail.com','Riverside Drive',948.486,'sqlbz0'),(1360,'Steven','Gonzalez','uaNfrJ0ZYS','Quzps2NgyB','1982-11-26','p8ns02YiMG@gmail.com','Cedar Lane',964.447,'FUrxnu'),(1361,'Matthew','Martinez','ocL7W5GHm3','8CYcP56wuk','1993-10-05','uRZlEcwXzq@gmail.com','Meadow Lane',904.915,'GNvOHx'),(1362,'Donald','Gonzalez','skfKFClGVa','pObEZ8GXcn','1976-06-20','BUcDnuVgv3@gmail.com','High Street',918.931,'SmLBCj'),(1363,'Charles','Jones','s9YEX6M82I','UogqVJ9R4z','1976-09-19','O4Hx8gD5Iy@gmail.com','Hillcrest Road',816.748,'4TJiD0'),(1364,'Richard','Martin','QEc1aPolZC','bvIhdCRSZ5','1969-12-21','rn871YFjmC@gmail.com','Oak Lane',845.696,'50uJrf'),(1365,'Steven','Martinez','Oun9Vo8Hxd','9AOtgYZ7qX','1991-06-30','4SvFJKGQHo@gmail.com','Hillcrest Road',946.84,'mkYXqp'),(1366,'Steven','Hernandez','1DOuwzgKme','rbSRpG80Uq','1976-08-04','jcXV7Y92tK@gmail.com','Elm Street',1000,'ye1IfB'),(1367,'Matthew','Rodriguez','SzwC6E3niO','h5A0StmuXj','1973-12-08','2l7rgW31Dm@gmail.com','Elm Street',941.242,'9Fd3P2'),(1368,'Donald','Anderson','pt5a1xP2co','eSjyvpk5Nw','1973-06-22','JY2Fvz6b0k@gmail.com','Oak Lane',1000,'Ke68p2'),(1369,'David','Wilson','gzSO2avtRY','raYCkvtO7D','1984-06-17','3FrdHnBeL2@gmail.com','Lakeview Drive',963.566,'ZHclqo'),(1370,'John','Anderson','XQnVW6rjOJ','5m2O6sXrqC','1990-04-05','mVG9jHOkU2@gmail.com','Cherry Lane',1000,'04XKJh'),(1371,'Andrew','Garcia','KH34PypOlM','PKzmG9phdg','1976-09-22','Mzr6GLpyJV@gmail.com','Pine Street',1000,'9CGahD'),(1372,'David','Johnson','4NrCPvOtFj','GHjz7A4q0f','1980-12-18','3PSXctBDmw@gmail.com','Meadow Lane',894.243,'SsGcPA'),(1373,'Christopher','Thomas','M7DfAdIVu9','zE034jHgXe','1986-05-19','TcmXDpR5JY@gmail.com','Walnut Street',900.556,'745Dwk'),(1374,'David','Taylor','6t5EmUOpve','lx1eCLo3Bp','1979-02-10','0L8Oiv9jBp@gmail.com','Cherry Lane',960.576,'vCKxjP'),(1375,'Daniel','Martinez','hOmeSLUCJj','36dQS5mOZx','1974-09-05','IVQdSguFKE@gmail.com','Sunset Boulevard',866.488,'XoUZ0A'),(1376,'Joseph','Gonzalez','rXZdaqJ5eV','xsu1wBvInH','1970-03-20','cMAze6IQuC@gmail.com','Elm Street',1000,'hHb5Y7'),(1377,'John','Thomas','SMX4Hym7sC','xMuCB4jQw9','1974-05-16','9TJ4goX2L6@gmail.com','Elm Street',1000,'rCANMF'),(1378,'Donald','Smith','x7V5oRMtbF','gWeJxj5yXH','1973-12-17','UJBj8tgm0N@gmail.com','Park Avenue',960.452,'gZytVH'),(1379,'Daniel','Hernandez','8g1CtznsoM','mW93CRcjeF','1988-05-21','YtfHN1Guhs@gmail.com','Main Street',935.803,'6wsUq4'),(1380,'Matthew','Rodriguez','zwYK2tEGi9','75QVcxMCrD','1973-12-17','aGcwWkM4so@gmail.com','Cedar Lane',1000,'yfGvhx'),(1381,'Richard','Garcia','5GedfYFjqE','SZRFb4AL8g','1987-02-20','IHwpFVYnJ4@gmail.com','Cedar Lane',897.004,'HiW74Z'),(1382,'John','Gonzalez','MZ31AcVU0x','AEVngh09fB','1982-12-03','iyUdXHYE86@gmail.com','Forest Drive',942.231,'TJLFay'),(1383,'Joseph','Davis','5SkvAlJaoV','QAeJ6vlWxM','1981-03-21','NB3q2OJbSc@gmail.com','Pine Street',945.292,'tUYwQH'),(1384,'Charles','Garcia','UcDf0uBE2G','zBVEvCNwPd','1978-12-21','5UAPyeNbhw@gmail.com','Broadway',1000,'2fZNyL'),(1385,'Joseph','Taylor','Cw5LzAoOSd','izG4fug3Fk','1984-08-29','bOhUWXV7Hs@gmail.com','Pine Street',849.21,'Hp9brM'),(1386,'Anthony','Miller','LbGglJaDnZ','UeT8lmfVDj','1994-12-21','ISQLGWxUka@gmail.com','Oak Lane',1000,'9OjV5s'),(1387,'Anthony','Williams','2h4ALJUyOV','JhuX6dr7Hx','1978-05-13','wfO3h2m1Jx@gmail.com','Lakeview Drive',922.732,'c0OqP8'),(1388,'Andrew','Jackson','VUIlKfRj8c','Im0o4sCjdX','1987-02-11','wuC5Wm1QNM@gmail.com','Elm Street',899.286,'qouSYH'),(1389,'Donald','Wilson','02YI5AgKcZ','EnVGiOPWgx','1974-09-11','L5a8KJjD2x@gmail.com','Oak Lane',1000,'S9fyEk'),(1390,'Donald','Lopez','p17o5m6VZk','7QJ3X2YZAz','1989-10-19','x2ewpDEVj0@gmail.com','Hillcrest Road',1000,'5LY4TI'),(1391,'Anthony','Jackson','ICKTy61SZ8','sflNC9217P','1981-06-23','Q2rFevmVRh@gmail.com','Pine Street',1000,'h4gVID'),(1392,'Daniel','Martin','hkQs3mjHOD','jlJLwbYT1A','1991-05-02','XbcRZkJtnN@gmail.com','Meadow Lane',1000,'WEMJfN'),(1393,'Christopher','Martin','74wgPhL05i','JqFpkwKPt8','1975-07-12','KEkGCUS3hX@gmail.com','Cedar Lane',859.711,'OEM6DV'),(1394,'Mark','Martinez','r71vMYkIAZ','sFT2fMKzAx','1980-06-29','x5VKUPOH2y@gmail.com','Cherry Lane',1000,'dj74Pf'),(1395,'Joseph','Garcia','WTXP1czF56','LZp9w3jtlO','1971-01-25','OnbIKlCVwT@gmail.com','Walnut Street',852.18,'2Kvkzm'),(1396,'Richard','Garcia','8ybH9NsWAj','yjQPS05412','1979-04-15','1yC9oKpiQN@gmail.com','Broadway',900.714,'Jr8MPj'),(1397,'Mark','Miller','Rbg6OzZE4x','hvGacSneDB','1992-12-13','H27RxOS1Vi@gmail.com','Cherry Lane',1000,'2ATwJV'),(1398,'Daniel','Lopez','4VjF3mTeRl','HjN7XTeEMF','1988-01-26','8g5MZEctdQ@gmail.com','Meadow Lane',950.271,'Txk4E5'),(1399,'William','Jackson','5KtXGwzqMT','JEvSb6HFsM','1969-09-13','lVwScAoD3b@gmail.com','Elm Street',964.183,'95gdoY'),(1400,'Anthony','Lopez','IeBydRr3p2','Q29xrZ3k4b','1984-11-15','cfxE2lYRnr@gmail.com','Pine Street',983.232,'GBCdaK'),(1401,'Thomas','Anderson','Ry17ih9lbv','eUGV0KsO1M','1991-02-17','7YvpX3U481@gmail.com','Sunset Boulevard',1000,'f5Xhxc'),(1402,'Donald','Hernandez','uVpkDhiR3T','lUzcFI2YB7','1993-01-26','4PCJLGKvmf@gmail.com','Park Avenue',946.35,'tRifCe'),(1403,'Christopher','Williams','QUVrp8KFBu','evp36kVwmI','1989-02-04','3sJzO78PKk@gmail.com','Elm Street',1000,'xpOy0g'),(1404,'Daniel','Taylor','Pl1U4Ng0WJ','Nki8zDuO1S','1974-04-11','skAYjqRiVE@gmail.com','Springfield Road',1000,'n1cDNK'),(1405,'Matthew','Martin','wO6mGYzV7e','hO6qNZkElP','1972-06-15','oLBI4lpeNV@gmail.com','Lakeview Drive',1000,'qD4eNT');
/*!40000 ALTER TABLE `user` ENABLE KEYS */;
UNLOCK TABLES;
/*!40103 SET TIME_ZONE=@OLD_TIME_ZONE */;

/*!40101 SET SQL_MODE=@OLD_SQL_MODE */;
/*!40014 SET FOREIGN_KEY_CHECKS=@OLD_FOREIGN_KEY_CHECKS */;
/*!40014 SET UNIQUE_CHECKS=@OLD_UNIQUE_CHECKS */;
/*!40101 SET CHARACTER_SET_CLIENT=@OLD_CHARACTER_SET_CLIENT */;
/*!40101 SET CHARACTER_SET_RESULTS=@OLD_CHARACTER_SET_RESULTS */;
/*!40101 SET COLLATION_CONNECTION=@OLD_COLLATION_CONNECTION */;
/*!40111 SET SQL_NOTES=@OLD_SQL_NOTES */;

-- Dump completed on 2024-03-13 15:59:00
